,ts,open,high,low,close,qty_qty
0,2025-12-08 05:02:23,91165.91,91165.92,91157.32,91162.0,0.05275
1,2025-12-08 05:02:24,91156.79,91156.79,91154.0,91154.01,0.67792
2,2025-12-08 05:02:25,91154.0,91154.0,91152.0,91152.01,0.01213
3,2025-12-08 05:02:26,91152.0,91152.01,91148.01,91148.01,0.0764
4,2025-12-08 05:02:27,91148.01,91148.01,91146.54,91147.99,0.01189
5,2025-12-08 05:02:28,91146.54,91146.54,91145.82,91145.83,0.04106
6,2025-12-08 05:02:29,91145.83,91145.83,91145.83,91145.83,0.0001
7,2025-12-08 05:02:30,91145.82,91145.82,91105.83,91105.83,1.39634
8,2025-12-08 05:02:31,91105.83,91105.84,91105.83,91105.83,0.01233
9,2025-12-08 05:02:32,91105.84,91105.84,91105.84,91105.84,0.00142
10,2025-12-08 05:02:33,91105.83,91105.84,91105.83,91105.84,0.02062
11,2025-12-08 05:02:34,91105.84,91105.84,91105.83,91105.84,0.32604999999999995
12,2025-12-08 05:02:35,91105.84,91105.84,91105.83,91105.83,0.16772
13,2025-12-08 05:02:36,91105.83,91105.83,91105.83,91105.83,0.0032
14,2025-12-08 05:02:38,91105.83,91105.84,91105.83,91105.84,0.0019
15,2025-12-08 05:02:39,91105.84,91105.84,91105.83,91105.84,0.00453
16,2025-12-08 05:02:40,91105.84,91105.84,91105.84,91105.84,0.0012200000000000002
17,2025-12-08 05:02:42,91105.83,91105.84,91105.83,91105.84,0.00451
18,2025-12-08 05:02:43,91105.84,91123.59,91105.84,91123.58,0.34782
19,2025-12-08 05:02:44,91123.58,91123.58,91123.58,91123.58,0.0017800000000000001
20,2025-12-08 05:02:46,91123.59,91139.39,91123.58,91139.37,0.04781
21,2025-12-08 05:02:47,91139.38,91146.09,91139.38,91146.09,0.23913
22,2025-12-08 05:02:48,91146.09,91146.1,91146.09,91146.09,0.00107
23,2025-12-08 05:02:49,91146.1,91151.61,91146.1,91151.61,0.26395
24,2025-12-08 05:02:50,91151.6,91151.6,91151.6,91151.6,0.0009699999999999999
25,2025-12-08 05:02:51,91151.6,91151.6,91151.6,91151.6,0.00764
26,2025-12-08 05:02:52,91151.6,91151.61,91140.01,91145.23,0.40371
27,2025-12-08 05:02:56,91140.0,91140.01,91140.0,91140.0,0.04867
28,2025-12-08 05:02:57,91140.01,91140.01,91118.77,91118.77,0.23426
29,2025-12-08 05:02:58,91118.77,91118.77,91118.76,91118.76,0.0018900000000000002
30,2025-12-08 05:03:00,91118.76,91118.77,91118.76,91118.76,0.06479
31,2025-12-08 05:03:01,91118.76,91118.77,91118.76,91118.77,0.00093
32,2025-12-08 05:03:02,91118.77,91118.77,91118.77,91118.77,0.00111
33,2025-12-08 05:03:03,91118.76,91118.76,91109.64,91109.65,0.15295999999999998
34,2025-12-08 05:03:04,91109.64,91109.64,91109.64,91109.64,0.005
35,2025-12-08 05:03:05,91109.64,91109.64,91109.64,91109.64,0.00111
36,2025-12-08 05:03:06,91109.65,91109.65,91109.64,91109.64,0.00937
37,2025-12-08 05:03:07,91109.65,91109.65,91109.64,91109.64,0.02679
38,2025-12-08 05:03:08,91109.65,91109.65,91109.65,91109.65,0.00124
39,2025-12-08 05:03:09,91109.65,91109.65,91100.0,91100.0,0.17048
40,2025-12-08 05:03:10,91100.01,91100.01,91100.01,91100.01,6e-05
41,2025-12-08 05:03:11,91100.01,91100.01,91100.0,91100.0,0.0018100000000000002
42,2025-12-08 05:03:12,91100.01,91100.01,91100.01,91100.01,0.00689
43,2025-12-08 05:03:13,91100.0,91100.01,91100.0,91100.01,0.00201
44,2025-12-08 05:03:14,91100.0,91100.0,91100.0,91100.0,0.0015300000000000001
45,2025-12-08 05:03:16,91100.01,91100.01,91100.01,91100.01,0.00133
46,2025-12-08 05:03:17,91100.0,91100.0,91096.82,91096.83,0.0193
47,2025-12-08 05:03:18,91096.82,91096.83,91087.72,91087.72,0.08122
48,2025-12-08 05:03:19,91087.72,91087.72,91087.71,91087.71,0.00711
49,2025-12-08 05:03:20,91087.71,91087.72,91087.71,91087.72,0.008320000000000001
50,2025-12-08 05:03:21,91087.72,91087.72,91087.71,91087.71,0.01325
51,2025-12-08 05:03:22,91087.72,91087.72,91087.71,91087.71,0.00344
52,2025-12-08 05:03:23,91087.71,91087.71,91078.27,91078.28,0.11089
53,2025-12-08 05:03:24,91078.28,91079.68,91078.28,91079.68,0.36448
54,2025-12-08 05:03:25,91079.68,91079.69,91079.68,91079.68,0.01087
55,2025-12-08 05:03:26,91079.69,91091.44,91079.69,91087.39,0.38391
56,2025-12-08 05:03:28,91091.45,91091.45,91091.44,91091.44,0.00661
57,2025-12-08 05:03:29,91091.45,91091.45,91091.44,91091.44,0.00188
58,2025-12-08 05:03:30,91091.44,91091.44,91091.44,91091.44,0.0026
59,2025-12-08 05:03:31,91091.45,91091.45,91091.45,91091.45,0.00124
60,2025-12-08 05:03:32,91091.44,91091.44,91091.44,91091.44,0.01682
61,2025-12-08 05:03:33,91091.44,91091.45,91091.44,91091.44,0.19549999999999998
62,2025-12-08 05:03:36,91091.45,91091.45,91086.23,91086.23,0.04682
63,2025-12-08 05:03:38,91086.22,91086.22,91086.22,91086.22,0.0008
64,2025-12-08 05:03:39,91086.22,91086.22,91086.21,91086.21,0.00408
65,2025-12-08 05:03:40,91086.22,91086.22,91086.17,91086.21,0.0030800000000000003
66,2025-12-08 05:03:41,91085.88,91085.88,91085.87,91085.88,0.0084
67,2025-12-08 05:03:42,91085.87,91085.87,91085.87,91085.87,0.00127
68,2025-12-08 05:03:43,91085.88,91085.88,91085.88,91085.88,6e-05
69,2025-12-08 05:03:44,91085.87,91085.88,91085.87,91085.88,0.00223
70,2025-12-08 05:03:46,91085.87,91085.87,91085.87,91085.87,0.0016
71,2025-12-08 05:03:48,91085.87,91085.87,91085.87,91085.87,0.15024
72,2025-12-08 05:03:49,91085.87,91085.87,91085.87,91085.87,0.011810000000000001
73,2025-12-08 05:03:50,91085.87,91085.87,91085.87,91085.87,0.02158
74,2025-12-08 05:03:51,91085.87,91085.88,91085.87,91085.87,0.02707
75,2025-12-08 05:03:52,91085.87,91085.88,91085.87,91085.87,0.13524999999999998
76,2025-12-08 05:03:53,91085.88,91085.88,91085.88,91085.88,0.0001
77,2025-12-08 05:03:54,91085.87,91085.88,91085.87,91085.87,0.05688
78,2025-12-08 05:03:55,91085.88,91085.88,91085.88,91085.88,6e-05
79,2025-12-08 05:03:56,91085.87,91085.88,91085.87,91085.87,0.00335
80,2025-12-08 05:03:59,91085.87,91085.87,91085.87,91085.87,0.0019299999999999999
81,2025-12-08 05:04:00,91085.88,91085.88,91085.87,91085.87,0.0606
82,2025-12-08 05:04:01,91085.87,91085.87,91085.87,91085.87,0.03
83,2025-12-08 05:04:02,91085.87,91087.72,91085.87,91087.22,0.17551
84,2025-12-08 05:04:03,91088.27,91088.27,91088.27,91088.27,0.00332
85,2025-12-08 05:04:04,91088.28,91088.28,91088.28,91088.28,0.00018
86,2025-12-08 05:04:05,91088.27,91093.46,91088.27,91093.46,0.02333
87,2025-12-08 05:04:06,91093.46,91093.46,91093.46,91093.46,0.00592
88,2025-12-08 05:04:07,91093.46,91093.46,91093.46,91093.46,0.0014
89,2025-12-08 05:04:09,91093.46,91093.47,91093.46,91093.47,0.00082
90,2025-12-08 05:04:10,91093.46,91093.46,91093.46,91093.46,0.07116
91,2025-12-08 05:04:11,91093.47,91093.47,91093.47,91093.47,0.0002
92,2025-12-08 05:04:12,91093.46,91093.46,91093.46,91093.46,0.0001
93,2025-12-08 05:04:13,91093.46,91093.46,91085.88,91090.28,0.06609
94,2025-12-08 05:04:14,91085.88,91085.88,91085.88,91085.88,0.009729999999999999
95,2025-12-08 05:04:15,91085.87,91085.88,91085.87,91085.88,0.0012100000000000001
96,2025-12-08 05:04:16,91085.87,91085.88,91085.87,91085.88,0.00091
97,2025-12-08 05:04:18,91085.87,91085.87,91085.87,91085.87,0.0008
98,2025-12-08 05:04:19,91085.88,91085.88,91085.87,91085.87,0.00692
99,2025-12-08 05:04:20,91085.88,91085.88,91068.0,91068.44,0.72162
100,2025-12-08 05:04:21,91068.01,91068.01,91068.01,91068.01,0.0001
101,2025-12-08 05:04:22,91068.01,91068.01,91068.01,91068.01,0.00109
102,2025-12-08 05:04:23,91068.01,91068.01,91068.01,91068.01,0.00301
103,2025-12-08 05:04:24,91068.01,91081.67,91068.01,91081.66,0.24246
104,2025-12-08 05:04:25,91081.69,91081.7,91081.67,91081.68,0.01097
105,2025-12-08 05:04:26,91081.69,91081.69,91081.69,91081.69,0.22261
106,2025-12-08 05:04:27,91081.69,91081.69,91081.69,91081.69,0.13227
107,2025-12-08 05:04:29,91081.7,91081.7,91081.69,91081.69,0.0038399999999999997
108,2025-12-08 05:04:30,91081.69,91081.69,91081.69,91081.69,0.0012
109,2025-12-08 05:04:31,91081.69,91081.69,91081.69,91081.69,0.0033
110,2025-12-08 05:04:32,91081.69,91081.69,91060.0,91060.0,0.26141000000000003
111,2025-12-08 05:04:33,91060.0,91060.0,91060.0,91060.0,0.5662999999999999
112,2025-12-08 05:04:35,91060.0,91060.0,91060.0,91060.0,0.09943
113,2025-12-08 05:04:36,91060.0,91060.0,91060.0,91060.0,0.00237
114,2025-12-08 05:04:37,91060.0,91060.01,91060.0,91060.01,0.00018
115,2025-12-08 05:04:38,91060.01,91060.01,91060.0,91060.0,0.00615
116,2025-12-08 05:04:39,91060.01,91075.85,91060.01,91075.85,0.71652
117,2025-12-08 05:04:40,91075.85,91080.04,91075.85,91080.04,0.01769
118,2025-12-08 05:04:41,91080.05,91089.4,91080.05,91089.39,0.09382
119,2025-12-08 05:04:42,91089.39,91089.4,91089.39,91089.4,0.030600000000000002
120,2025-12-08 05:04:43,91089.4,91101.24,91089.4,91101.23,0.31640999999999997
121,2025-12-08 05:04:44,91101.23,91101.23,91101.23,91101.23,0.00168
122,2025-12-08 05:04:46,91101.23,91101.23,91101.23,91101.23,0.012750000000000001
123,2025-12-08 05:04:47,91101.24,91109.57,91101.24,91109.57,0.05983
124,2025-12-08 05:04:49,91109.58,91109.58,91109.57,91109.57,0.0006299999999999999
125,2025-12-08 05:04:50,91109.57,91109.58,91109.57,91109.58,0.01438
126,2025-12-08 05:04:51,91109.58,91109.58,91109.58,91109.58,0.00083
127,2025-12-08 05:04:52,91109.57,91109.57,91109.57,91109.57,0.0004
128,2025-12-08 05:04:53,91109.58,91109.58,91109.57,91109.58,0.02532
129,2025-12-08 05:04:54,91109.58,91109.58,91109.58,91109.58,8e-05
130,2025-12-08 05:04:55,91109.58,91109.58,91109.57,91109.57,0.00266
131,2025-12-08 05:04:56,91109.57,91109.57,91109.57,91109.57,0.00441
132,2025-12-08 05:04:57,91109.57,91109.58,91109.57,91109.57,0.08542
133,2025-12-08 05:04:58,91109.57,91109.57,91109.57,91109.57,0.0004
134,2025-12-08 05:04:59,91109.58,91118.53,91109.58,91118.53,0.037630000000000004
135,2025-12-08 05:05:00,91118.52,91118.52,91118.52,91118.52,0.0004
136,2025-12-08 05:05:01,91118.53,91118.53,91118.52,91118.52,0.00038
137,2025-12-08 05:05:02,91118.53,91118.53,91118.52,91118.53,0.00193
138,2025-12-08 05:05:03,91118.52,91118.52,91118.52,91118.52,0.02466
139,2025-12-08 05:05:04,91118.52,91118.52,91118.52,91118.52,0.00394
140,2025-12-08 05:05:05,91118.53,91118.53,91118.52,91118.52,0.00020999999999999998
141,2025-12-08 05:05:06,91118.53,91118.53,91118.52,91118.52,0.0029400000000000003
142,2025-12-08 05:05:07,91118.53,91118.53,91106.68,91109.67,0.70513
143,2025-12-08 05:05:08,91106.67,91106.67,91106.67,91106.67,0.00483
144,2025-12-08 05:05:09,91106.67,91106.67,91106.67,91106.67,0.00035
145,2025-12-08 05:05:10,91106.68,91106.68,91106.68,91106.68,0.0003
146,2025-12-08 05:05:11,91106.67,91111.8,91106.67,91111.8,0.00927
147,2025-12-08 05:05:12,91111.81,91111.81,91111.8,91111.8,0.00085
148,2025-12-08 05:05:14,91111.8,91111.8,91111.8,91111.8,0.00015
149,2025-12-08 05:05:15,91111.8,91111.8,91111.8,91111.8,0.0006
150,2025-12-08 05:05:16,91111.8,91111.8,91102.69,91107.38,0.30501
151,2025-12-08 05:05:17,91102.68,91102.68,91102.68,91102.68,0.00139
152,2025-12-08 05:05:18,91102.69,91102.69,91102.69,91102.69,0.00278
153,2025-12-08 05:05:20,91102.69,91121.01,91102.69,91121.01,0.22071
154,2025-12-08 05:05:22,91121.02,91121.02,91121.02,91121.02,0.0001
155,2025-12-08 05:05:23,91121.01,91121.02,91121.01,91121.01,0.00205
156,2025-12-08 05:05:25,91121.01,91121.01,91121.01,91121.01,0.00132
157,2025-12-08 05:05:26,91121.01,91121.02,91109.75,91112.97,0.82286
158,2025-12-08 05:05:27,91109.01,91109.01,91092.58,91092.58,0.38395
159,2025-12-08 05:05:28,91092.58,91097.99,91092.58,91097.99,0.027450000000000002
160,2025-12-08 05:05:29,91097.99,91097.99,91097.99,91097.99,0.00025
161,2025-12-08 05:05:30,91097.98,91097.98,91097.98,91097.98,0.0008
162,2025-12-08 05:05:31,91097.99,91097.99,91097.99,91097.99,0.00959
163,2025-12-08 05:05:32,91097.99,91097.99,91097.99,91097.99,0.00062
164,2025-12-08 05:05:33,91097.98,91097.99,91097.98,91097.99,0.00146
165,2025-12-08 05:05:34,91097.98,91097.98,91097.98,91097.98,9e-05
166,2025-12-08 05:05:35,91097.98,91097.98,91097.98,91097.98,0.0008
167,2025-12-08 05:05:36,91097.98,91097.98,91097.98,91097.98,0.00023999999999999998
168,2025-12-08 05:05:37,91097.99,91097.99,91097.99,91097.99,0.00021
169,2025-12-08 05:05:38,91097.99,91097.99,91086.15,91086.15,0.16469999999999999
170,2025-12-08 05:05:39,91086.15,91086.15,91086.15,91086.15,9e-05
171,2025-12-08 05:05:40,91086.14,91086.14,91086.14,91086.14,0.012920000000000001
172,2025-12-08 05:05:41,91086.14,91086.14,91086.14,91086.14,0.00214
173,2025-12-08 05:05:42,91086.15,91086.15,91086.14,91086.15,0.07563
174,2025-12-08 05:05:43,91086.14,91086.14,91086.14,91086.14,0.00048
175,2025-12-08 05:05:44,91086.14,91086.14,91086.14,91086.14,0.0004
176,2025-12-08 05:05:45,91086.14,91086.14,91086.14,91086.14,0.00558
177,2025-12-08 05:05:47,91086.14,91086.14,91086.14,91086.14,0.00172
178,2025-12-08 05:05:48,91086.14,91086.14,91086.14,91086.14,0.00015
179,2025-12-08 05:05:49,91086.14,91101.25,91086.14,91101.25,0.22916
180,2025-12-08 05:05:50,91101.24,91101.25,91101.24,91101.24,0.00931
181,2025-12-08 05:05:51,91101.25,91101.25,91101.25,91101.25,0.00012
182,2025-12-08 05:05:52,91101.25,91101.25,91101.24,91101.25,0.00066
183,2025-12-08 05:05:53,91101.25,91101.25,91101.24,91101.25,0.052090000000000004
184,2025-12-08 05:05:54,91101.25,91101.25,91101.25,91101.25,0.00012
185,2025-12-08 05:05:55,91101.24,91101.25,91101.24,91101.25,0.03838
186,2025-12-08 05:05:56,91101.25,91101.25,91101.25,91101.25,0.011090000000000001
187,2025-12-08 05:05:57,91101.24,91101.24,91101.24,91101.24,0.0025900000000000003
188,2025-12-08 05:05:58,91101.24,91101.25,91101.24,91101.25,0.00019
189,2025-12-08 05:05:59,91101.25,91109.44,91101.25,91109.44,0.04739
190,2025-12-08 05:06:00,91109.45,91119.23,91109.45,91119.19,0.31239
191,2025-12-08 05:06:01,91119.2,91119.2,91119.2,91119.2,0.00028
192,2025-12-08 05:06:02,91119.2,91128.47,91119.2,91128.47,0.04981
193,2025-12-08 05:06:03,91128.46,91128.46,91128.46,91128.46,0.0004
194,2025-12-08 05:06:06,91128.46,91128.47,91128.46,91128.47,0.005690000000000001
195,2025-12-08 05:06:07,91128.47,91128.47,91128.47,91128.47,0.00012
196,2025-12-08 05:06:09,91128.46,91128.47,91128.46,91128.47,0.00063
197,2025-12-08 05:06:10,91128.46,91128.47,91128.46,91128.47,0.00147
198,2025-12-08 05:06:11,91128.47,91128.47,91128.46,91128.46,0.045959999999999994
199,2025-12-08 05:06:12,91128.47,91128.47,91128.46,91128.46,0.00049
200,2025-12-08 05:06:15,91128.46,91128.46,91128.46,91128.46,0.0004
201,2025-12-08 05:06:16,91128.46,91128.46,91128.46,91128.46,0.04067
202,2025-12-08 05:06:17,91128.46,91128.47,91128.46,91128.46,0.00042
203,2025-12-08 05:06:18,91128.46,91128.46,91128.46,91128.46,0.0004
204,2025-12-08 05:06:20,91128.47,91128.47,91128.46,91128.46,0.00022
205,2025-12-08 05:06:21,91128.46,91128.47,91128.46,91128.46,0.04671
206,2025-12-08 05:06:22,91128.47,91128.47,91128.46,91128.46,0.00032
207,2025-12-08 05:06:23,91128.47,91128.47,91106.68,91106.68,0.38334
208,2025-12-08 05:06:24,91106.69,91106.69,91106.68,91106.68,0.10157000000000001
209,2025-12-08 05:06:25,91106.69,91106.69,91106.69,91106.69,9e-05
210,2025-12-08 05:06:26,91106.68,91106.68,91106.68,91106.68,0.043910000000000005
211,2025-12-08 05:06:27,91106.68,91106.68,91106.68,91106.68,0.00231
212,2025-12-08 05:06:28,91106.68,91106.69,91106.68,91106.68,0.07666
213,2025-12-08 05:06:29,91106.68,91106.69,91106.68,91106.69,0.00032
214,2025-12-08 05:06:30,91106.69,91106.69,91106.69,91106.69,0.0003
215,2025-12-08 05:06:31,91106.68,91106.68,91106.68,91106.68,0.00321
216,2025-12-08 05:06:32,91106.68,91106.69,91106.68,91106.69,0.00019
217,2025-12-08 05:06:33,91106.68,91106.68,91106.68,91106.68,0.00075
218,2025-12-08 05:06:34,91106.68,91106.68,91106.68,91106.68,0.00135
219,2025-12-08 05:06:35,91106.68,91106.68,91106.68,91106.68,0.00782
220,2025-12-08 05:06:36,91106.68,91106.68,91106.68,91106.68,0.04888
221,2025-12-08 05:06:37,91106.69,91106.69,91106.68,91106.68,0.01172
222,2025-12-08 05:06:38,91106.69,91106.69,91106.69,91106.69,0.00128
223,2025-12-08 05:06:39,91106.68,91106.68,91099.45,91099.46,0.17077
224,2025-12-08 05:06:40,91099.46,91099.46,91099.45,91099.45,0.00043999999999999996
225,2025-12-08 05:06:41,91099.45,91099.46,91099.45,91099.46,0.05285
226,2025-12-08 05:06:42,91099.45,91099.46,91099.45,91099.45,0.00517
227,2025-12-08 05:06:43,91099.46,91104.69,91099.46,91104.68,0.04726
228,2025-12-08 05:06:44,91104.69,91109.19,91104.69,91109.19,0.04733
229,2025-12-08 05:06:45,91109.2,91109.2,91109.19,91109.19,0.00041
230,2025-12-08 05:06:46,91109.19,91109.2,91109.19,91109.19,0.04639
231,2025-12-08 05:06:47,91109.2,91109.2,91109.2,91109.2,0.00202
232,2025-12-08 05:06:48,91109.2,91109.2,91109.19,91109.19,0.0007
233,2025-12-08 05:06:49,91109.19,91110.78,91109.19,91110.78,0.01604
234,2025-12-08 05:06:50,91110.77,91110.78,91110.77,91110.78,0.001
235,2025-12-08 05:06:51,91110.77,91110.77,91110.77,91110.77,0.0004
236,2025-12-08 05:06:52,91110.78,91110.78,91110.78,91110.78,9e-05
237,2025-12-08 05:06:53,91110.78,91110.78,91110.78,91110.78,0.00109
238,2025-12-08 05:06:54,91110.78,91110.78,91110.77,91110.77,0.00516
239,2025-12-08 05:06:55,91110.77,91110.77,91110.77,91110.77,8e-05
240,2025-12-08 05:06:56,91110.78,91119.15,91110.78,91119.14,0.07457
241,2025-12-08 05:06:57,91119.14,91127.65,91119.14,91127.65,0.05111
242,2025-12-08 05:06:58,91127.65,91127.65,91127.65,91127.65,0.00277
243,2025-12-08 05:06:59,91127.65,91127.65,91127.65,91127.65,0.0004
244,2025-12-08 05:07:00,91127.65,91127.65,91103.86,91109.4,3.50088
245,2025-12-08 05:07:01,91109.4,91109.4,91109.39,91109.39,0.041080000000000005
246,2025-12-08 05:07:02,91109.39,91109.4,91109.39,91109.4,0.00075
247,2025-12-08 05:07:03,91109.4,91109.4,91109.4,91109.4,0.0006699999999999999
248,2025-12-08 05:07:04,91109.39,91109.4,91109.39,91109.39,0.03868
249,2025-12-08 05:07:05,91109.4,91109.4,91109.39,91109.4,0.00249
250,2025-12-08 05:07:06,91109.39,91109.39,91107.69,91107.69,0.05231
251,2025-12-08 05:07:07,91107.7,91107.7,91107.7,91107.7,0.00133
252,2025-12-08 05:07:08,91107.69,91107.69,91107.69,91107.69,0.00048
253,2025-12-08 05:07:10,91107.69,91107.69,91107.69,91107.69,0.00054
254,2025-12-08 05:07:11,91107.69,91107.7,91107.69,91107.7,0.00107
255,2025-12-08 05:07:12,91107.7,91107.7,91107.7,91107.7,0.00111
256,2025-12-08 05:07:13,91107.69,91107.69,91105.47,91105.48,0.02177
257,2025-12-08 05:07:14,91105.47,91105.47,91105.47,91105.47,0.00216
258,2025-12-08 05:07:15,91105.48,91105.48,91105.48,91105.48,0.00023
259,2025-12-08 05:07:16,91105.47,91105.47,91098.15,91102.68,0.044329999999999994
260,2025-12-08 05:07:17,91098.15,91098.15,91098.15,91098.15,0.00127
261,2025-12-08 05:07:18,91098.15,91098.15,91098.15,91098.15,0.0014
262,2025-12-08 05:07:19,91098.15,91098.15,91098.15,91098.15,0.00111
263,2025-12-08 05:07:20,91098.15,91098.15,91098.15,91098.15,0.00527
264,2025-12-08 05:07:21,91098.15,91098.15,91098.15,91098.15,0.03881
265,2025-12-08 05:07:22,91098.16,91098.16,91098.15,91098.15,0.00134
266,2025-12-08 05:07:23,91098.15,91098.15,91098.15,91098.15,0.01443
267,2025-12-08 05:07:24,91098.15,91098.15,91098.15,91098.15,0.01526
268,2025-12-08 05:07:25,91098.16,91113.3,91098.16,91113.26,1.1334499999999998
269,2025-12-08 05:07:26,91113.31,91119.1,91113.31,91119.1,0.06051
270,2025-12-08 05:07:27,91119.11,91119.11,91119.11,91119.11,0.00077
271,2025-12-08 05:07:29,91119.1,91119.1,91119.1,91119.1,0.0017699999999999999
272,2025-12-08 05:07:31,91119.1,91119.1,91119.1,91119.1,0.038509999999999996
273,2025-12-08 05:07:32,91119.1,91119.11,91119.1,91119.11,0.00046
274,2025-12-08 05:07:33,91119.11,91119.11,91119.11,91119.11,0.0019500000000000001
275,2025-12-08 05:07:34,91119.1,91119.1,91119.1,91119.1,0.00082
276,2025-12-08 05:07:35,91119.1,91119.1,91119.1,91119.1,0.00058
277,2025-12-08 05:07:36,91119.1,91119.11,91119.1,91119.11,0.05333
278,2025-12-08 05:07:37,91119.1,91119.1,91119.1,91119.1,0.0004
279,2025-12-08 05:07:38,91119.11,91119.11,91119.11,91119.11,0.0054800000000000005
280,2025-12-08 05:07:39,91119.1,91119.11,91119.1,91119.11,0.0022
281,2025-12-08 05:07:40,91119.1,91119.1,91119.1,91119.1,0.00243
282,2025-12-08 05:07:41,91119.11,91119.11,91119.1,91119.1,0.00736
283,2025-12-08 05:07:42,91119.1,91119.11,91119.1,91119.1,0.0016400000000000002
284,2025-12-08 05:07:43,91119.1,91119.1,91119.1,91119.1,6e-05
285,2025-12-08 05:07:45,91119.1,91119.1,91119.1,91119.1,0.00106
286,2025-12-08 05:07:46,91119.1,91119.11,91119.1,91119.1,0.04158
287,2025-12-08 05:07:47,91119.11,91122.51,91119.11,91122.5,0.32376
288,2025-12-08 05:07:48,91122.51,91122.51,91122.5,91122.51,0.0035399999999999997
289,2025-12-08 05:07:49,91122.51,91127.59,91122.51,91127.59,0.01268
290,2025-12-08 05:07:50,91127.58,91127.58,91127.58,91127.58,0.01253
291,2025-12-08 05:07:51,91127.58,91127.58,91127.58,91127.58,0.04961
292,2025-12-08 05:07:52,91127.58,91127.58,91127.58,91127.58,0.0001
293,2025-12-08 05:07:53,91127.58,91127.58,91127.58,91127.58,0.0004
294,2025-12-08 05:07:54,91127.58,91127.58,91127.58,91127.58,0.00074
295,2025-12-08 05:07:55,91127.59,91127.59,91127.58,91127.58,0.00105
296,2025-12-08 05:07:57,91127.59,91127.59,91127.59,91127.59,0.00055
297,2025-12-08 05:07:58,91127.58,91127.58,91127.58,91127.58,0.00165
298,2025-12-08 05:08:00,91127.58,91127.58,91127.58,91127.58,0.0004
299,2025-12-08 05:08:01,91127.58,91127.58,91127.58,91127.58,0.04268
300,2025-12-08 05:08:02,91127.58,91127.58,91127.58,91127.58,0.002
301,2025-12-08 05:08:03,91127.58,91127.58,91127.58,91127.58,0.02121
302,2025-12-08 05:08:04,91127.58,91127.58,91122.51,91124.4,0.023200000000000002
303,2025-12-08 05:08:05,91122.5,91122.5,91119.1,91119.1,0.01861
304,2025-12-08 05:08:06,91119.1,91119.11,91119.1,91119.1,0.057429999999999995
305,2025-12-08 05:08:07,91119.1,91119.11,91119.1,91119.11,0.00201
306,2025-12-08 05:08:08,91119.1,91119.1,91119.1,91119.1,0.0007599999999999999
307,2025-12-08 05:08:09,91119.11,91119.11,91119.1,91119.1,0.00144
308,2025-12-08 05:08:11,91119.1,91119.1,91119.1,91119.1,0.042230000000000004
309,2025-12-08 05:08:13,91119.11,91119.11,91119.1,91119.1,0.013989999999999999
310,2025-12-08 05:08:14,91119.1,91119.1,91097.66,91097.66,0.28657
311,2025-12-08 05:08:15,91097.66,91097.66,91097.66,91097.66,0.00434
312,2025-12-08 05:08:16,91097.66,91097.66,91097.66,91097.66,0.04888
313,2025-12-08 05:08:17,91097.66,91097.67,91097.66,91097.67,0.0010999999999999998
314,2025-12-08 05:08:18,91097.67,91097.67,91097.67,91097.67,0.00042
315,2025-12-08 05:08:19,91097.67,91097.67,91097.66,91097.67,0.007620000000000001
316,2025-12-08 05:08:20,91097.67,91097.67,91097.67,91097.67,0.01137
317,2025-12-08 05:08:21,91097.67,91097.67,91097.66,91097.66,0.00667
318,2025-12-08 05:08:22,91097.67,91097.67,91097.66,91097.67,0.02995
319,2025-12-08 05:08:23,91097.67,91097.67,91097.67,91097.67,0.00814
320,2025-12-08 05:08:24,91097.66,91097.66,91097.66,91097.66,0.01957
321,2025-12-08 05:08:25,91097.67,91097.67,91097.66,91097.66,0.01091
322,2025-12-08 05:08:26,91097.66,91105.25,91097.66,91105.25,0.20245000000000002
323,2025-12-08 05:08:27,91105.25,91105.25,91105.25,91105.25,0.008629999999999999
324,2025-12-08 05:08:28,91105.25,91105.25,91105.25,91105.25,9e-05
325,2025-12-08 05:08:29,91105.25,91105.25,91105.25,91105.25,0.0014399999999999999
326,2025-12-08 05:08:30,91105.25,91105.26,91105.25,91105.26,0.00153
327,2025-12-08 05:08:31,91105.25,91105.26,91105.25,91105.26,0.041229999999999996
328,2025-12-08 05:08:32,91105.26,91105.26,91105.25,91105.25,0.00051
329,2025-12-08 05:08:35,91105.25,91105.26,91105.25,91105.26,0.01395
330,2025-12-08 05:08:36,91105.25,91113.73,91105.25,91113.72,0.24197
331,2025-12-08 05:08:37,91113.73,91124.53,91113.73,91124.52,0.12887
332,2025-12-08 05:08:38,91124.53,91124.53,91124.52,91124.52,0.011349999999999999
333,2025-12-08 05:08:39,91124.52,91124.53,91124.52,91124.53,0.00117
334,2025-12-08 05:08:40,91124.52,91124.53,91124.52,91124.53,0.0015999999999999999
335,2025-12-08 05:08:41,91124.53,91124.53,91124.52,91124.52,0.07311999999999999
336,2025-12-08 05:08:42,91124.53,91124.53,91124.52,91124.52,0.0028599999999999997
337,2025-12-08 05:08:43,91124.52,91124.53,91124.52,91124.52,0.00054
338,2025-12-08 05:08:45,91124.52,91124.52,91124.52,91124.52,0.0004
339,2025-12-08 05:08:46,91124.53,91124.53,91124.53,91124.53,6e-05
340,2025-12-08 05:08:48,91124.52,91124.53,91124.52,91124.53,0.00928
341,2025-12-08 05:08:49,91124.53,91124.53,91124.53,91124.53,0.00439
342,2025-12-08 05:08:50,91124.52,91124.52,91124.52,91124.52,0.0004
343,2025-12-08 05:08:51,91124.53,91124.53,91124.52,91124.52,0.046790000000000005
344,2025-12-08 05:08:52,91124.52,91124.52,91124.52,91124.52,0.00045
345,2025-12-08 05:08:53,91124.52,91124.52,91124.52,91124.52,0.00049
346,2025-12-08 05:08:54,91124.53,91124.53,91124.53,91124.53,8e-05
347,2025-12-08 05:08:55,91124.53,91124.53,91124.53,91124.53,0.00027
348,2025-12-08 05:08:56,91124.52,91124.52,91124.52,91124.52,0.038529999999999995
349,2025-12-08 05:08:57,91124.52,91124.52,91124.52,91124.52,0.00345
350,2025-12-08 05:08:58,91124.52,91127.57,91124.52,91127.57,0.024220000000000002
351,2025-12-08 05:08:59,91127.58,91128.47,91127.57,91128.47,0.52132
352,2025-12-08 05:09:00,91128.46,91131.08,91128.46,91130.31,0.03168
353,2025-12-08 05:09:01,91131.96,91139.97,91131.96,91139.97,0.07224
354,2025-12-08 05:09:02,91139.97,91139.98,91139.97,91139.98,0.6715099999999999
355,2025-12-08 05:09:03,91139.98,91139.98,91139.97,91139.97,0.00046
356,2025-12-08 05:09:04,91139.98,91143.67,91139.98,91143.66,0.06548
357,2025-12-08 05:09:05,91143.67,91151.68,91143.67,91151.68,0.05516
358,2025-12-08 05:09:06,91151.67,91151.67,91151.67,91151.67,0.0004
359,2025-12-08 05:09:07,91151.68,91151.68,91151.68,91151.68,0.0008100000000000001
360,2025-12-08 05:09:08,91151.67,91151.68,91151.67,91151.67,0.00066
361,2025-12-08 05:09:09,91151.67,91151.68,91151.67,91151.68,0.005809999999999999
362,2025-12-08 05:09:11,91151.67,91151.68,91151.67,91151.67,0.04606
363,2025-12-08 05:09:13,91151.67,91151.67,91151.67,91151.67,0.00267
364,2025-12-08 05:09:14,91151.67,91151.67,91151.67,91151.67,0.00011
365,2025-12-08 05:09:16,91151.67,91151.67,91151.67,91151.67,0.04994
366,2025-12-08 05:09:19,91151.67,91151.67,91151.67,91151.67,0.00047000000000000004
367,2025-12-08 05:09:20,91151.67,91151.68,91151.67,91151.67,0.06165
368,2025-12-08 05:09:21,91151.68,91151.68,91151.67,91151.67,0.041609999999999994
369,2025-12-08 05:09:22,91151.68,91151.68,91151.68,91151.68,6e-05
370,2025-12-08 05:09:24,91151.67,91151.67,91124.52,91124.52,0.32115
371,2025-12-08 05:09:25,91124.53,91124.53,91124.53,91124.53,9e-05
372,2025-12-08 05:09:26,91124.52,91124.52,91124.52,91124.52,0.04733
373,2025-12-08 05:09:27,91124.52,91124.52,91121.82,91121.82,0.17298
374,2025-12-08 05:09:29,91121.82,91121.82,91121.82,91121.82,0.0008
375,2025-12-08 05:09:30,91121.82,91121.82,91121.82,91121.82,9e-05
376,2025-12-08 05:09:31,91121.82,91121.83,91121.82,91121.82,0.0025
377,2025-12-08 05:09:32,91121.82,91121.82,91121.82,91121.82,0.0014
378,2025-12-08 05:09:33,91121.82,91121.82,91121.82,91121.82,0.00036
379,2025-12-08 05:09:34,91121.82,91121.82,91121.82,91121.82,0.02275
380,2025-12-08 05:09:36,91121.82,91121.83,91113.79,91118.32,0.09820000000000001
381,2025-12-08 05:09:37,91113.78,91113.79,91113.78,91113.79,0.00079
382,2025-12-08 05:09:39,91113.78,91113.78,91113.78,91113.78,0.0012
383,2025-12-08 05:09:40,91113.79,91113.79,91113.78,91113.78,0.0054600000000000004
384,2025-12-08 05:09:41,91113.78,91113.78,91113.78,91113.78,0.0372
385,2025-12-08 05:09:42,91113.78,91113.79,91113.78,91113.78,0.0013999999999999998
386,2025-12-08 05:09:43,91113.78,91113.78,91113.78,91113.78,0.00015000000000000001
387,2025-12-08 05:09:44,91113.79,91113.79,91113.78,91113.79,0.33433999999999997
388,2025-12-08 05:09:45,91113.78,91113.78,91113.78,91113.78,0.0012
389,2025-12-08 05:09:46,91113.79,91113.79,91113.78,91113.78,0.041890000000000004
390,2025-12-08 05:09:47,91113.79,91113.79,91104.59,91104.59,0.18901
391,2025-12-08 05:09:49,91104.6,91104.6,91104.59,91104.6,0.00373
392,2025-12-08 05:09:50,91104.59,91104.6,91104.59,91104.59,0.00054
393,2025-12-08 05:09:51,91104.6,91104.6,91104.59,91104.6,0.05289
394,2025-12-08 05:09:52,91104.59,91104.6,91104.59,91104.6,0.00275
395,2025-12-08 05:09:53,91104.59,91104.6,91104.59,91104.6,0.0049
396,2025-12-08 05:09:54,91104.6,91104.6,91104.59,91104.59,0.00175
397,2025-12-08 05:09:55,91104.6,91104.6,91104.6,91104.6,0.00047
398,2025-12-08 05:09:56,91104.6,91104.6,91099.02,91099.02,0.36086
399,2025-12-08 05:09:57,91099.02,91099.02,91089.92,91089.92,0.17937
400,2025-12-08 05:09:59,91089.91,91089.91,91089.91,91089.91,0.00446
401,2025-12-08 05:10:01,91089.91,91089.91,91089.91,91089.91,0.04588
402,2025-12-08 05:10:02,91089.91,91089.91,91089.91,91089.91,0.09232
403,2025-12-08 05:10:03,91089.9,91089.91,91089.9,91089.91,0.0023
404,2025-12-08 05:10:04,91089.91,91089.91,91089.9,91089.9,0.00471
405,2025-12-08 05:10:06,91089.9,91089.91,91089.9,91089.9,0.04616000000000001
406,2025-12-08 05:10:07,91089.9,91089.9,91089.9,91089.9,0.00021999999999999998
407,2025-12-08 05:10:08,91089.9,91089.91,91089.9,91089.91,0.006180000000000001
408,2025-12-08 05:10:09,91089.91,91103.54,91089.91,91095.65,0.1209
409,2025-12-08 05:10:10,91103.55,91106.67,91103.55,91106.67,0.0587
410,2025-12-08 05:10:11,91106.67,91106.67,91106.67,91106.67,0.045759999999999995
411,2025-12-08 05:10:12,91106.67,91106.68,91106.67,91106.68,0.00158
412,2025-12-08 05:10:13,91106.68,91106.68,91106.67,91106.68,0.07386000000000001
413,2025-12-08 05:10:15,91106.67,91106.68,91106.67,91106.67,0.0015199999999999999
414,2025-12-08 05:10:16,91106.67,91106.67,91106.67,91106.67,0.14018999999999998
415,2025-12-08 05:10:17,91106.68,91106.68,91106.67,91106.68,0.05309
416,2025-12-08 05:10:18,91106.67,91106.67,91106.67,91106.67,0.0004
417,2025-12-08 05:10:19,91106.67,91106.67,91106.67,91106.67,0.0016
418,2025-12-08 05:10:20,91106.67,91106.67,91106.67,91106.67,0.00091
419,2025-12-08 05:10:21,91106.68,91106.68,91106.67,91106.67,0.00162
420,2025-12-08 05:10:22,91106.67,91106.67,91106.67,91106.67,0.0123
421,2025-12-08 05:10:23,91106.67,91106.68,91106.67,91106.68,0.0015
422,2025-12-08 05:10:24,91106.67,91121.89,91106.67,91118.83,0.15998
423,2025-12-08 05:10:26,91122.43,91122.43,91122.43,91122.43,0.0414
424,2025-12-08 05:10:27,91122.44,91122.44,91122.44,91122.44,0.00032
425,2025-12-08 05:10:29,91122.44,91124.52,91122.43,91122.45,0.025750000000000002
426,2025-12-08 05:10:30,91124.53,91124.53,91124.53,91124.53,0.0012
427,2025-12-08 05:10:31,91124.52,91124.52,91124.52,91124.52,0.04656
428,2025-12-08 05:10:32,91124.53,91124.53,91124.52,91124.53,0.013680000000000001
429,2025-12-08 05:10:33,91124.52,91124.53,91124.52,91124.53,0.00435
430,2025-12-08 05:10:34,91124.52,91124.52,91106.69,91110.86,0.35695
431,2025-12-08 05:10:35,91106.69,91106.69,91106.69,91106.69,0.00186
432,2025-12-08 05:10:36,91106.69,91106.69,91106.68,91106.68,0.046450000000000005
433,2025-12-08 05:10:37,91106.68,91106.68,91090.08,91090.09,0.23479
434,2025-12-08 05:10:39,91090.08,91090.08,91090.08,91090.08,6e-05
435,2025-12-08 05:10:40,91090.08,91090.08,91090.08,91090.08,0.0018900000000000002
436,2025-12-08 05:10:41,91090.08,91090.08,91090.08,91090.08,0.04487
437,2025-12-08 05:10:42,91090.08,91090.09,91090.08,91090.09,0.00419
438,2025-12-08 05:10:43,91090.08,91090.08,91078.93,91078.93,0.19077
439,2025-12-08 05:10:44,91078.93,91078.94,91078.93,91078.94,0.015080000000000001
440,2025-12-08 05:10:45,91078.94,91078.94,91078.92,91078.93,0.13154
441,2025-12-08 05:10:46,91078.92,91078.92,91070.01,91070.01,0.1457
442,2025-12-08 05:10:47,91070.02,91070.02,91070.02,91070.02,0.4963
443,2025-12-08 05:10:48,91070.02,91070.02,91070.01,91070.02,0.00035000000000000005
444,2025-12-08 05:10:49,91070.01,91070.01,91070.01,91070.01,0.0078
445,2025-12-08 05:10:50,91070.01,91070.01,91070.01,91070.01,0.0058
446,2025-12-08 05:10:51,91070.01,91070.01,91061.93,91061.94,0.10786000000000001
447,2025-12-08 05:10:52,91061.93,91061.94,91061.93,91061.94,0.00083
448,2025-12-08 05:10:53,91061.93,91061.94,91061.93,91061.93,0.00697
449,2025-12-08 05:10:54,91061.93,91061.93,91061.93,91061.93,0.00113
450,2025-12-08 05:10:55,91061.94,91061.94,91061.94,91061.94,9e-05
451,2025-12-08 05:10:56,91061.93,91061.94,91061.93,91061.94,0.051329999999999994
452,2025-12-08 05:10:58,91061.93,91061.93,91037.43,91037.43,9.91187
453,2025-12-08 05:10:59,91037.43,91037.44,91037.43,91037.44,0.0051600000000000005
454,2025-12-08 05:11:00,91037.44,91037.44,91037.44,91037.44,0.00030000000000000003
455,2025-12-08 05:11:01,91037.43,91037.44,91037.43,91037.44,0.046270000000000006
456,2025-12-08 05:11:02,91037.44,91039.8,91037.44,91037.45,0.06131
457,2025-12-08 05:11:03,91039.99,91039.99,91039.99,91039.99,0.00032
458,2025-12-08 05:11:04,91039.98,91039.99,91039.98,91039.99,0.05599
459,2025-12-08 05:11:05,91039.98,91064.21,91039.98,91060.03,0.33244
460,2025-12-08 05:11:06,91064.22,91064.22,91064.21,91064.22,0.04133
461,2025-12-08 05:11:07,91064.21,91064.21,91064.21,91064.21,0.0004
462,2025-12-08 05:11:08,91064.21,91064.21,91064.21,91064.21,0.00153
463,2025-12-08 05:11:10,91064.21,91067.59,91064.21,91067.59,0.03203
464,2025-12-08 05:11:12,91067.59,91067.59,91067.58,91067.58,0.00048
465,2025-12-08 05:11:13,91067.59,91070.01,91067.59,91070.01,0.00782
466,2025-12-08 05:11:14,91070.0,91070.0,91070.0,91070.0,0.00091
467,2025-12-08 05:11:15,91070.01,91070.01,91070.0,91070.0,0.00059
468,2025-12-08 05:11:16,91070.0,91070.0,91070.0,91070.0,0.04329
469,2025-12-08 05:11:17,91070.01,91070.01,91070.0,91070.0,0.0773
470,2025-12-08 05:11:18,91070.01,91083.35,91070.01,91083.35,1.08275
471,2025-12-08 05:11:19,91083.35,91088.74,91083.35,91088.74,0.014610000000000001
472,2025-12-08 05:11:20,91088.73,91096.32,91088.73,91096.31,0.17163
473,2025-12-08 05:11:21,91096.31,91096.32,91096.31,91096.32,3.15978
474,2025-12-08 05:11:22,91096.32,91096.32,91096.31,91096.31,0.0022
475,2025-12-08 05:11:23,91096.31,91096.31,91090.08,91090.08,0.22405
476,2025-12-08 05:11:24,91090.08,91090.08,91090.08,91090.08,0.00062
477,2025-12-08 05:11:25,91090.08,91090.08,91090.07,91090.07,0.00095
478,2025-12-08 05:11:26,91090.07,91090.07,91076.79,91076.79,0.3559
479,2025-12-08 05:11:27,91076.8,91076.8,91076.79,91076.8,0.00147
480,2025-12-08 05:11:28,91076.79,91076.79,91076.79,91076.79,0.00549
481,2025-12-08 05:11:29,91076.8,91076.8,91076.8,91076.8,0.00015
482,2025-12-08 05:11:30,91076.79,91076.8,91076.79,91076.8,0.00128
483,2025-12-08 05:11:31,91076.79,91076.8,91076.79,91076.8,0.00095
484,2025-12-08 05:11:32,91076.8,91076.8,91076.8,91076.8,0.0005099999999999999
485,2025-12-08 05:11:33,91076.79,91076.8,91076.79,91076.8,0.0020700000000000002
486,2025-12-08 05:11:34,91076.79,91076.79,91076.79,91076.79,0.021910000000000002
487,2025-12-08 05:11:35,91076.8,91076.8,91076.8,91076.8,0.00164
488,2025-12-08 05:11:36,91076.8,91076.8,91076.79,91076.79,0.059019999999999996
489,2025-12-08 05:11:38,91076.8,91076.8,91076.79,91076.8,0.00447
490,2025-12-08 05:11:39,91076.79,91076.79,91041.0,91045.09,2.59263
491,2025-12-08 05:11:40,91047.36,91057.77,91047.36,91057.76,0.43005
492,2025-12-08 05:11:41,91057.76,91057.77,91057.76,91057.77,0.43715000000000004
493,2025-12-08 05:11:42,91057.77,91068.54,91057.77,91068.53,0.23996
494,2025-12-08 05:11:43,91068.54,91068.54,91068.53,91068.53,0.00047
495,2025-12-08 05:11:44,91068.53,91068.54,91068.53,91068.54,0.00157
496,2025-12-08 05:11:45,91068.53,91068.53,91068.53,91068.53,0.00112
497,2025-12-08 05:11:46,91068.53,91068.53,91058.62,91058.62,0.93261
498,2025-12-08 05:11:47,91058.63,91058.63,91058.63,91058.63,0.0003
499,2025-12-08 05:11:48,91058.63,91058.63,91058.62,91058.63,0.1378
500,2025-12-08 05:11:49,91058.62,91058.63,91058.62,91058.63,0.00366
501,2025-12-08 05:11:50,91058.62,91058.63,91058.62,91058.63,0.00134
502,2025-12-08 05:11:51,91058.62,91058.62,91058.62,91058.62,0.00112
503,2025-12-08 05:11:52,91058.63,91058.63,91058.62,91058.62,0.006130000000000001
504,2025-12-08 05:11:53,91058.62,91058.63,91058.62,91058.63,0.00304
505,2025-12-08 05:11:54,91058.62,91058.62,91058.62,91058.62,0.00797
506,2025-12-08 05:11:55,91058.63,91068.52,91058.62,91068.51,0.47801999999999994
507,2025-12-08 05:11:56,91068.52,91074.83,91068.52,91074.82,0.179
508,2025-12-08 05:11:57,91074.83,91080.84,91073.44,91073.44,1.27765
509,2025-12-08 05:11:58,91073.44,91073.44,91073.44,91073.44,0.00086
510,2025-12-08 05:11:59,91073.45,91073.45,91073.44,91073.44,0.0028
511,2025-12-08 05:12:00,91073.45,91073.45,91073.44,91073.44,0.00817
512,2025-12-08 05:12:01,91073.44,91073.45,91073.44,91073.44,0.0677
513,2025-12-08 05:12:02,91073.44,91078.04,91073.44,91078.04,0.05899000000000001
514,2025-12-08 05:12:03,91078.04,91078.05,91078.04,91078.04,0.00801
515,2025-12-08 05:12:04,91078.05,91078.05,91078.05,91078.05,0.00775
516,2025-12-08 05:12:05,91078.04,91078.04,91078.04,91078.04,0.01303
517,2025-12-08 05:12:06,91078.04,91078.04,91078.04,91078.04,0.00199
518,2025-12-08 05:12:07,91078.05,91078.05,91078.04,91078.04,0.00558
519,2025-12-08 05:12:08,91078.05,91086.44,91078.05,91080.84,0.06416000000000001
520,2025-12-08 05:12:10,91086.44,91086.45,91086.44,91086.45,0.00048
521,2025-12-08 05:12:11,91086.44,91087.56,91086.44,91086.45,0.10275
522,2025-12-08 05:12:12,91087.57,91087.57,91087.56,91087.56,0.10989
523,2025-12-08 05:12:14,91087.56,91087.56,91087.56,91087.56,0.00364
524,2025-12-08 05:12:15,91087.56,91087.56,91087.56,91087.56,0.0004
525,2025-12-08 05:12:16,91087.56,91087.56,91087.56,91087.56,0.05156
526,2025-12-08 05:12:18,91087.56,91095.13,91087.56,91095.13,0.06274
527,2025-12-08 05:12:19,91095.13,91095.13,91095.13,91095.13,0.00011
528,2025-12-08 05:12:20,91095.12,91095.12,91095.12,91095.12,0.02193
529,2025-12-08 05:12:21,91095.12,91095.12,91092.04,91092.05,0.05244
530,2025-12-08 05:12:22,91092.04,91092.04,91088.61,91088.61,0.03224
531,2025-12-08 05:12:23,91088.6,91088.6,91070.02,91070.02,0.24812
532,2025-12-08 05:12:25,91070.03,91070.03,91070.03,91070.03,0.00021
533,2025-12-08 05:12:26,91070.02,91070.03,91070.02,91070.03,0.06516000000000001
534,2025-12-08 05:12:28,91070.02,91070.02,91070.02,91070.02,0.00214
535,2025-12-08 05:12:29,91070.03,91070.03,91070.03,91070.03,9e-05
536,2025-12-08 05:12:30,91070.03,91070.03,91070.02,91070.03,0.00197
537,2025-12-08 05:12:31,91070.02,91070.03,91070.02,91070.02,0.05445
538,2025-12-08 05:12:32,91070.03,91070.03,91070.03,91070.03,0.00205
539,2025-12-08 05:12:33,91070.02,91070.03,91070.02,91070.03,0.00285
540,2025-12-08 05:12:34,91070.02,91070.02,91070.02,91070.02,0.0036899999999999997
541,2025-12-08 05:12:35,91070.02,91070.02,91070.02,91070.02,0.0016
542,2025-12-08 05:12:36,91070.02,91070.02,91070.02,91070.02,0.04435
543,2025-12-08 05:12:37,91070.03,91070.03,91070.03,91070.03,0.00038
544,2025-12-08 05:12:38,91070.02,91070.02,91070.02,91070.02,0.0012
545,2025-12-08 05:12:39,91070.03,91070.38,91070.03,91070.38,0.013210000000000001
546,2025-12-08 05:12:40,91070.39,91082.6,91070.39,91082.6,0.03136
547,2025-12-08 05:12:41,91082.59,91087.35,91082.59,91087.35,0.023200000000000002
548,2025-12-08 05:12:42,91087.35,91087.35,91087.34,91087.34,0.00061
549,2025-12-08 05:12:43,91087.34,91087.35,91087.34,91087.35,0.02291
550,2025-12-08 05:12:44,91087.34,91087.35,91087.34,91087.35,0.00015000000000000001
551,2025-12-08 05:12:45,91087.34,91087.34,91087.34,91087.34,0.0004
552,2025-12-08 05:12:46,91087.34,91087.34,91087.34,91087.34,0.04556
553,2025-12-08 05:12:47,91087.35,91087.35,91087.35,91087.35,9e-05
554,2025-12-08 05:12:48,91087.35,91087.35,91087.34,91087.35,0.00343
555,2025-12-08 05:12:50,91087.34,91087.35,91087.34,91087.35,0.00073
556,2025-12-08 05:12:51,91087.35,91087.35,91087.34,91087.34,0.12172999999999999
557,2025-12-08 05:12:52,91087.34,91087.35,91087.34,91087.35,0.00013
558,2025-12-08 05:12:53,91087.34,91087.34,91087.34,91087.34,0.00114
559,2025-12-08 05:12:54,91087.34,91087.34,91087.34,91087.34,0.00388
560,2025-12-08 05:12:56,91087.35,91099.13,91087.35,91099.13,0.09847
561,2025-12-08 05:12:57,91099.12,91099.12,91099.12,91099.12,0.00027
562,2025-12-08 05:12:59,91099.12,91112.13,91099.12,91112.13,0.13533
563,2025-12-08 05:13:00,91112.13,91115.15,91112.13,91115.15,0.07284
564,2025-12-08 05:13:01,91115.15,91116.0,91115.15,91116.0,0.04147
565,2025-12-08 05:13:02,91116.01,91116.01,91116.01,91116.01,0.00018
566,2025-12-08 05:13:03,91116.01,91120.0,91116.01,91119.99,0.01444
567,2025-12-08 05:13:04,91119.99,91119.99,91119.99,91119.99,0.0016300000000000002
568,2025-12-08 05:13:05,91120.0,91120.0,91120.0,91120.0,0.00194
569,2025-12-08 05:13:06,91119.99,91119.99,91119.99,91119.99,0.04071
570,2025-12-08 05:13:07,91119.99,91119.99,91119.99,91119.99,0.0034400000000000003
571,2025-12-08 05:13:09,91120.0,91120.0,91120.0,91120.0,0.00055
572,2025-12-08 05:13:10,91119.99,91119.99,91119.99,91119.99,0.0004
573,2025-12-08 05:13:11,91119.99,91119.99,91119.99,91119.99,0.04064
574,2025-12-08 05:13:12,91120.0,91120.0,91120.0,91120.0,0.00245
575,2025-12-08 05:13:13,91119.99,91119.99,91119.99,91119.99,0.0010400000000000001
576,2025-12-08 05:13:16,91119.99,91122.0,91119.99,91122.0,0.2467
577,2025-12-08 05:13:17,91122.01,91132.01,91122.0,91132.01,0.04045
578,2025-12-08 05:13:18,91132.0,91132.0,91132.0,91132.0,0.00114
579,2025-12-08 05:13:20,91132.0,91132.0,91132.0,91132.0,8e-05
580,2025-12-08 05:13:21,91132.0,91132.0,91132.0,91132.0,0.14084
581,2025-12-08 05:13:22,91132.01,91132.01,91132.01,91132.01,0.00261
582,2025-12-08 05:13:23,91132.0,91132.0,91132.0,91132.0,0.00023
583,2025-12-08 05:13:24,91132.0,91132.0,91132.0,91132.0,0.0004
584,2025-12-08 05:13:26,91132.0,91132.0,91132.0,91132.0,0.055080000000000004
585,2025-12-08 05:13:29,91132.0,91132.01,91132.0,91132.01,1.00272
586,2025-12-08 05:13:31,91132.0,91132.0,91132.0,91132.0,0.0004
587,2025-12-08 05:13:32,91132.0,91132.0,91132.0,91132.0,0.00013
588,2025-12-08 05:13:33,91132.01,91132.01,91132.0,91132.0,0.01119
589,2025-12-08 05:13:34,91132.0,91132.01,91132.0,91132.01,0.00471
590,2025-12-08 05:13:35,91132.01,91132.01,91132.01,91132.01,0.00088
591,2025-12-08 05:13:36,91132.01,91132.01,91132.0,91132.0,0.10675
592,2025-12-08 05:13:37,91132.01,91132.01,91132.01,91132.01,6e-05
593,2025-12-08 05:13:38,91132.0,91132.0,91132.0,91132.0,0.00036
594,2025-12-08 05:13:39,91132.0,91142.82,91132.0,91142.82,0.3055
595,2025-12-08 05:13:40,91142.81,91142.82,91142.81,91142.82,0.02605
596,2025-12-08 05:13:41,91142.81,91142.81,91142.81,91142.81,0.043
597,2025-12-08 05:13:42,91142.82,91142.82,91142.82,91142.82,0.00056
598,2025-12-08 05:13:43,91142.81,91142.81,91142.81,91142.81,6e-05
599,2025-12-08 05:13:44,91142.81,91142.81,91142.81,91142.81,0.0004
600,2025-12-08 05:13:45,91142.81,91142.81,91142.81,91142.81,0.00632
601,2025-12-08 05:13:46,91142.82,91142.82,91142.81,91142.81,0.0369
602,2025-12-08 05:13:47,91142.82,91142.82,91142.82,91142.82,0.00055
603,2025-12-08 05:13:48,91142.81,91142.82,91142.81,91142.82,0.10017000000000001
604,2025-12-08 05:13:49,91142.81,91142.81,91142.81,91142.81,0.0004
605,2025-12-08 05:13:51,91142.81,91142.81,91142.81,91142.81,0.04393
606,2025-12-08 05:13:52,91142.81,91142.82,91142.81,91142.81,0.00986
607,2025-12-08 05:13:54,91142.82,91142.82,91142.81,91142.81,0.00076
608,2025-12-08 05:13:56,91142.82,91149.66,91142.82,91149.66,0.65089
609,2025-12-08 05:13:59,91149.66,91149.66,91149.66,91149.66,0.0004
610,2025-12-08 05:14:00,91149.66,91149.67,91149.66,91149.67,0.07181000000000001
611,2025-12-08 05:14:01,91149.67,91149.67,91149.66,91149.66,0.04492
612,2025-12-08 05:14:02,91149.66,91149.66,91142.81,91142.82,0.11747
613,2025-12-08 05:14:03,91142.81,91142.82,91126.35,91126.35,0.89239
614,2025-12-08 05:14:04,91126.36,91126.36,91126.35,91126.35,0.00046
615,2025-12-08 05:14:05,91126.36,91126.36,91126.36,91126.36,0.00013000000000000002
616,2025-12-08 05:14:06,91126.36,91131.99,91126.36,91131.99,0.0775
617,2025-12-08 05:14:07,91131.98,91131.98,91131.98,91131.98,0.0004
618,2025-12-08 05:14:09,91131.98,91131.99,91131.98,91131.99,0.00532
619,2025-12-08 05:14:10,91131.99,91131.99,91131.98,91131.98,0.00387
620,2025-12-08 05:14:11,91131.98,91131.99,91131.98,91131.99,0.053200000000000004
621,2025-12-08 05:14:13,91131.98,91131.98,91131.98,91131.98,0.0004
622,2025-12-08 05:14:14,91131.99,91131.99,91131.98,91131.98,0.21857
623,2025-12-08 05:14:15,91131.98,91131.98,91131.98,91131.98,0.00053
624,2025-12-08 05:14:16,91131.98,91131.98,91131.98,91131.98,0.0004
625,2025-12-08 05:14:17,91131.99,91131.99,91131.99,91131.99,0.00105
626,2025-12-08 05:14:18,91131.98,91131.98,91131.98,91131.98,0.012289999999999999
627,2025-12-08 05:14:19,91131.98,91131.98,91131.98,91131.98,0.00012000000000000002
628,2025-12-08 05:14:20,91131.99,91131.99,91131.99,91131.99,0.00822
629,2025-12-08 05:14:21,91131.99,91131.99,91131.98,91131.99,0.09012
630,2025-12-08 05:14:22,91131.99,91131.99,91131.99,91131.99,0.0006000000000000001
631,2025-12-08 05:14:24,91131.98,91131.98,91131.98,91131.98,0.0004
632,2025-12-08 05:14:25,91131.99,91131.99,91131.99,91131.99,0.00012
633,2025-12-08 05:14:26,91131.98,91131.98,91131.98,91131.98,0.04704
634,2025-12-08 05:14:29,91131.98,91131.98,91131.98,91131.98,0.0004
635,2025-12-08 05:14:31,91131.98,91131.98,91131.98,91131.98,0.00607
636,2025-12-08 05:14:32,91131.98,91131.99,91131.98,91131.99,0.0006000000000000001
637,2025-12-08 05:14:33,91131.99,91131.99,91131.98,91131.98,0.03291
638,2025-12-08 05:14:34,91131.98,91131.98,91131.98,91131.98,0.0074
639,2025-12-08 05:14:35,91131.99,91131.99,91113.44,91113.44,0.19597
640,2025-12-08 05:14:36,91113.43,91113.43,91105.81,91105.82,0.25602
641,2025-12-08 05:14:37,91105.82,91105.82,91105.82,91105.82,0.00176
642,2025-12-08 05:14:38,91105.82,91105.82,91105.82,91105.82,0.01263
643,2025-12-08 05:14:39,91105.82,91105.82,91105.82,91105.82,0.0022
644,2025-12-08 05:14:40,91105.81,91105.81,91105.81,91105.81,0.00134
645,2025-12-08 05:14:41,91105.82,91105.82,91105.81,91105.81,0.07337
646,2025-12-08 05:14:42,91105.81,91105.82,91105.81,91105.82,0.0015800000000000002
647,2025-12-08 05:14:43,91105.81,91105.82,91105.81,91105.82,0.00062
648,2025-12-08 05:14:44,91105.82,91105.82,91105.82,91105.82,0.00034
649,2025-12-08 05:14:45,91105.81,91105.81,91105.81,91105.81,0.0008
650,2025-12-08 05:14:46,91105.82,91105.82,91105.81,91105.81,0.04694
651,2025-12-08 05:14:47,91105.82,91105.82,91105.82,91105.82,0.00214
652,2025-12-08 05:14:48,91105.81,91105.81,91105.81,91105.81,0.0008
653,2025-12-08 05:14:49,91105.81,91105.82,91105.81,91105.82,0.00101
654,2025-12-08 05:14:50,91105.81,91105.81,91105.81,91105.81,0.0008
655,2025-12-08 05:14:51,91105.82,91105.82,91105.82,91105.82,0.1
656,2025-12-08 05:14:53,91105.81,91105.81,91105.81,91105.81,0.00111
657,2025-12-08 05:14:54,91105.81,91105.82,91105.81,91105.82,0.01632
658,2025-12-08 05:14:55,91105.82,91105.82,91105.81,91105.81,0.00319
659,2025-12-08 05:14:56,91105.82,91105.82,91105.81,91105.81,0.0424
660,2025-12-08 05:14:57,91105.82,91113.15,91105.82,91107.08,0.062130000000000005
661,2025-12-08 05:14:58,91113.37,91113.38,91113.37,91113.38,0.0005
662,2025-12-08 05:14:59,91113.38,91113.38,91113.37,91113.37,0.00033
663,2025-12-08 05:15:00,91113.38,91113.38,91113.37,91113.37,0.00268
664,2025-12-08 05:15:01,91113.38,91113.38,91113.37,91113.37,0.05426
665,2025-12-08 05:15:02,91113.37,91113.37,91113.37,91113.37,0.0005
666,2025-12-08 05:15:03,91113.38,91121.39,91113.38,91121.39,0.05212
667,2025-12-08 05:15:04,91121.39,91121.39,91114.95,91121.39,0.01927
668,2025-12-08 05:15:05,91114.94,91114.94,91114.94,91114.94,0.00344
669,2025-12-08 05:15:06,91114.94,91114.94,91114.94,91114.94,0.04415
670,2025-12-08 05:15:07,91114.94,91117.19,91114.94,91115.31,0.01342
671,2025-12-08 05:15:08,91117.2,91128.19,91117.2,91128.18,0.10685
672,2025-12-08 05:15:10,91128.19,91128.19,91128.18,91128.18,0.0034200000000000003
673,2025-12-08 05:15:11,91128.19,91128.19,91128.18,91128.18,0.0015
674,2025-12-08 05:15:12,91128.19,91128.19,91128.19,91128.19,0.0005200000000000001
675,2025-12-08 05:15:13,91128.18,91128.18,91121.79,91121.8,0.17847
676,2025-12-08 05:15:14,91121.79,91121.79,91121.79,91121.79,0.004
677,2025-12-08 05:15:15,91121.79,91121.79,91121.79,91121.79,0.00013
678,2025-12-08 05:15:16,91121.78,91121.79,91121.78,91121.78,0.06042
679,2025-12-08 05:15:17,91121.78,91121.79,91121.78,91121.78,0.01651
680,2025-12-08 05:15:18,91121.78,91121.78,91121.78,91121.78,0.00705
681,2025-12-08 05:15:19,91121.78,91121.78,91121.78,91121.78,0.01399
682,2025-12-08 05:15:21,91121.79,91121.79,91121.78,91121.78,0.042480000000000004
683,2025-12-08 05:15:24,91121.78,91121.78,91121.78,91121.78,0.0008900000000000001
684,2025-12-08 05:15:26,91121.79,91121.79,91121.78,91121.78,0.045399999999999996
685,2025-12-08 05:15:27,91121.78,91121.78,91121.78,91121.78,0.0008
686,2025-12-08 05:15:29,91121.78,91121.79,91121.78,91121.78,0.018250000000000002
687,2025-12-08 05:15:30,91121.79,91121.79,91121.79,91121.79,0.00836
688,2025-12-08 05:15:31,91121.78,91121.78,91121.78,91121.78,0.04718
689,2025-12-08 05:15:32,91121.78,91121.78,91121.78,91121.78,0.0004
690,2025-12-08 05:15:33,91121.79,91121.79,91121.78,91121.78,0.00039000000000000005
691,2025-12-08 05:15:34,91121.78,91121.78,91121.78,91121.78,0.00101
692,2025-12-08 05:15:35,91121.78,91121.78,91121.78,91121.78,0.00067
693,2025-12-08 05:15:36,91121.78,91121.78,91121.78,91121.78,0.013219999999999999
694,2025-12-08 05:15:37,91121.79,91121.79,91121.79,91121.79,0.15
695,2025-12-08 05:15:38,91121.78,91121.79,91121.78,91121.78,0.10166
696,2025-12-08 05:15:40,91121.78,91121.79,91121.78,91121.79,0.00046
697,2025-12-08 05:15:41,91121.79,91121.79,91121.78,91121.78,0.051770000000000004
698,2025-12-08 05:15:42,91121.79,91121.79,91121.79,91121.79,6e-05
699,2025-12-08 05:15:43,91121.78,91121.78,91121.78,91121.78,0.04135
700,2025-12-08 05:15:45,91121.78,91121.78,91121.78,91121.78,0.00294
701,2025-12-08 05:15:46,91121.78,91121.78,91121.78,91121.78,0.05528999999999999
702,2025-12-08 05:15:47,91121.78,91121.78,91121.78,91121.78,0.0819
703,2025-12-08 05:15:48,91121.78,91121.79,91121.78,91121.79,0.007410000000000001
704,2025-12-08 05:15:49,91121.79,91121.79,91121.79,91121.79,0.0017000000000000001
705,2025-12-08 05:15:50,91121.78,91121.79,91121.78,91121.78,0.00092
706,2025-12-08 05:15:51,91121.79,91121.79,91121.79,91121.79,6e-05
707,2025-12-08 05:15:52,91121.78,91121.78,91121.78,91121.78,0.0037400000000000003
708,2025-12-08 05:15:53,91121.78,91121.78,91121.78,91121.78,0.0004
709,2025-12-08 05:15:55,91121.78,91121.78,91110.95,91110.96,0.24828999999999998
710,2025-12-08 05:15:56,91110.95,91110.96,91110.95,91110.95,0.04682
711,2025-12-08 05:15:57,91110.96,91110.96,91110.95,91110.95,0.01196
712,2025-12-08 05:15:58,91110.95,91110.96,91110.95,91110.96,0.00524
713,2025-12-08 05:16:00,91110.96,91110.96,91070.02,91070.02,1.84717
714,2025-12-08 05:16:01,91070.02,91070.02,91070.0,91070.0,0.06937
715,2025-12-08 05:16:02,91070.0,91070.0,91070.0,91070.0,0.00021
716,2025-12-08 05:16:03,91070.01,91070.01,91070.0,91070.01,0.00245
717,2025-12-08 05:16:04,91070.01,91070.01,91070.0,91070.01,0.00044
718,2025-12-08 05:16:05,91070.0,91070.0,91070.0,91070.0,0.0029
719,2025-12-08 05:16:06,91070.01,91070.01,91070.0,91070.0,0.03074
720,2025-12-08 05:16:07,91070.0,91070.0,91070.0,91070.0,0.00089
721,2025-12-08 05:16:08,91070.0,91070.0,91070.0,91070.0,0.0016
722,2025-12-08 05:16:09,91070.01,91070.01,91070.01,91070.01,0.00626
723,2025-12-08 05:16:10,91070.01,91070.01,91070.01,91070.01,0.00555
724,2025-12-08 05:16:11,91070.01,91070.01,91070.0,91070.0,0.03639
725,2025-12-08 05:16:13,91070.01,91070.01,91070.0,91070.01,0.0011300000000000001
726,2025-12-08 05:16:14,91070.01,91082.57,91070.0,91082.57,0.9385
727,2025-12-08 05:16:16,91082.56,91086.14,91082.56,91086.13,0.04696
728,2025-12-08 05:16:17,91086.14,91101.91,91086.13,91101.9,0.10015
729,2025-12-08 05:16:18,91101.91,91101.91,91101.9,91101.9,0.00715
730,2025-12-08 05:16:19,91101.9,91101.91,91101.9,91101.9,0.01881
731,2025-12-08 05:16:20,91101.91,91101.91,91101.9,91101.9,0.00046
732,2025-12-08 05:16:21,91101.9,91101.9,91090.12,91090.12,0.14361
733,2025-12-08 05:16:22,91090.13,91090.13,91090.12,91090.12,0.00038
734,2025-12-08 05:16:23,91090.13,91090.13,91090.13,91090.13,0.0038900000000000002
735,2025-12-08 05:16:24,91090.12,91090.13,91090.12,91090.13,0.02682
736,2025-12-08 05:16:25,91090.13,91090.13,91090.12,91090.13,0.0224
737,2025-12-08 05:16:26,91090.13,91090.13,91090.12,91090.13,0.00366
738,2025-12-08 05:16:27,91090.12,91090.12,91090.12,91090.12,0.00478
739,2025-12-08 05:16:28,91090.13,91090.13,91090.12,91090.12,0.0933
740,2025-12-08 05:16:29,91090.12,91090.12,91087.56,91087.56,0.05486
741,2025-12-08 05:16:30,91087.56,91087.56,91087.56,91087.56,0.0002
742,2025-12-08 05:16:31,91087.57,91087.57,91087.56,91087.56,0.00021999999999999998
743,2025-12-08 05:16:32,91087.56,91087.56,91087.56,91087.56,0.22143
744,2025-12-08 05:16:33,91087.56,91087.56,91069.3,91070.0,0.32386
745,2025-12-08 05:16:34,91070.0,91070.0,91070.0,91070.0,0.00014
746,2025-12-08 05:16:35,91070.01,91070.01,91070.0,91070.01,0.00084
747,2025-12-08 05:16:36,91070.0,91070.0,91070.0,91070.0,0.0002
748,2025-12-08 05:16:37,91070.0,91070.0,91070.0,91070.0,0.00029
749,2025-12-08 05:16:38,91070.01,91070.01,91070.0,91070.0,0.0005
750,2025-12-08 05:16:39,91070.01,91070.01,91070.0,91070.0,0.43046999999999996
751,2025-12-08 05:16:40,91069.99,91069.99,91069.99,91069.99,0.0024100000000000002
752,2025-12-08 05:16:41,91069.99,91071.2,91069.99,91071.2,0.3145
753,2025-12-08 05:16:42,91071.21,91071.21,91071.21,91071.21,6e-05
754,2025-12-08 05:16:43,91071.21,91077.92,91071.21,91077.91,0.04721
755,2025-12-08 05:16:44,91077.92,91083.67,91077.92,91080.19,0.021670000000000002
756,2025-12-08 05:16:45,91084.55,91084.55,91084.55,91084.55,0.00309
757,2025-12-08 05:16:46,91084.55,91084.56,91084.55,91084.56,0.00051
758,2025-12-08 05:16:47,91084.56,91084.56,91084.56,91084.56,0.00021
759,2025-12-08 05:16:48,91084.55,91096.4,91084.55,91096.39,1.49126
760,2025-12-08 05:16:49,91096.39,91096.39,91096.39,91096.39,0.0004
761,2025-12-08 05:16:50,91096.39,91096.39,91096.39,91096.39,0.00059
762,2025-12-08 05:16:51,91096.39,91096.4,91096.39,91096.39,0.00186
763,2025-12-08 05:16:52,91096.39,91096.4,91096.39,91096.4,0.00439
764,2025-12-08 05:16:53,91096.39,91096.39,91096.39,91096.39,0.007410000000000001
765,2025-12-08 05:16:54,91096.39,91096.4,91096.39,91096.4,0.00073
766,2025-12-08 05:16:55,91096.4,91096.4,91096.4,91096.4,0.01157
767,2025-12-08 05:16:56,91096.39,91096.39,91096.39,91096.39,0.00309
768,2025-12-08 05:16:57,91096.4,91096.4,91096.4,91096.4,6e-05
769,2025-12-08 05:16:58,91096.39,91096.4,91096.39,91096.4,0.00457
770,2025-12-08 05:16:59,91096.39,91096.4,91096.39,91096.4,0.020069999999999998
771,2025-12-08 05:17:00,91096.4,91096.4,91096.4,91096.4,0.0073100000000000005
772,2025-12-08 05:17:01,91096.39,91096.39,91096.39,91096.39,0.0004
773,2025-12-08 05:17:02,91096.39,91096.4,91096.39,91096.39,0.0005600000000000001
774,2025-12-08 05:17:03,91096.4,91096.4,91096.4,91096.4,0.00020999999999999998
775,2025-12-08 05:17:04,91096.4,91109.11,91096.4,91109.1,1.48296
776,2025-12-08 05:17:05,91109.11,91114.94,91109.11,91114.94,0.01161
777,2025-12-08 05:17:06,91114.94,91114.94,91114.94,91114.94,0.00142
778,2025-12-08 05:17:07,91114.94,91114.94,91114.94,91114.94,0.00051
779,2025-12-08 05:17:08,91114.94,91114.94,91112.12,91112.12,0.89678
780,2025-12-08 05:17:09,91112.12,91112.12,91112.12,91112.12,0.00286
781,2025-12-08 05:17:10,91112.11,91112.11,91112.11,91112.11,0.0016899999999999999
782,2025-12-08 05:17:12,91112.12,91112.12,91112.12,91112.12,0.00024
783,2025-12-08 05:17:13,91112.11,91112.11,91112.11,91112.11,0.0004
784,2025-12-08 05:17:15,91112.11,91112.11,91103.1,91103.1,0.5934
785,2025-12-08 05:17:17,91103.11,91103.11,91103.1,91103.1,0.7402299999999999
786,2025-12-08 05:17:18,91103.1,91103.1,91103.1,91103.1,0.0008
787,2025-12-08 05:17:20,91103.1,91105.23,91103.1,91105.23,0.05625
788,2025-12-08 05:17:21,91105.23,91105.23,91105.22,91105.22,0.005350000000000001
789,2025-12-08 05:17:22,91105.23,91109.04,91105.23,91109.04,0.03959
790,2025-12-08 05:17:24,91109.48,91109.49,91109.48,91109.48,0.00488
791,2025-12-08 05:17:25,91109.47,91109.47,91103.12,91103.12,0.005
792,2025-12-08 05:17:27,91103.12,91103.13,91103.12,91103.13,0.00439
793,2025-12-08 05:17:28,91103.12,91103.12,91103.12,91103.12,0.00045
794,2025-12-08 05:17:29,91103.12,91103.12,91103.12,91103.12,0.00023
795,2025-12-08 05:17:30,91103.13,91103.13,91103.13,91103.13,5e-05
796,2025-12-08 05:17:31,91103.13,91103.13,91103.12,91103.12,0.0002
797,2025-12-08 05:17:32,91103.12,91103.12,91103.12,91103.12,0.0008900000000000001
798,2025-12-08 05:17:33,91103.13,91103.13,91103.13,91103.13,0.007
799,2025-12-08 05:17:34,91103.13,91103.13,91103.13,91103.13,0.00032
800,2025-12-08 05:17:35,91103.13,91103.13,91103.12,91103.13,0.05545
801,2025-12-08 05:17:36,91103.13,91103.13,91103.13,91103.13,0.00116
802,2025-12-08 05:17:37,91103.13,91109.15,91103.13,91109.15,0.09948
803,2025-12-08 05:17:38,91109.15,91109.15,91109.15,91109.15,0.01228
804,2025-12-08 05:17:39,91109.16,91109.16,91109.16,91109.16,9e-05
805,2025-12-08 05:17:40,91109.15,91109.15,91109.15,91109.15,0.0057
806,2025-12-08 05:17:41,91109.15,91109.16,91109.15,91109.16,0.00169
807,2025-12-08 05:17:42,91109.16,91109.16,91109.16,91109.16,0.00016
808,2025-12-08 05:17:43,91109.15,91109.16,91109.15,91109.16,0.00214
809,2025-12-08 05:17:44,91109.16,91109.16,91109.16,91109.16,0.00033
810,2025-12-08 05:17:45,91109.15,91109.16,91109.15,91109.16,0.07039000000000001
811,2025-12-08 05:17:46,91109.15,91109.15,91109.15,91109.15,0.02403
812,2025-12-08 05:17:47,91109.16,91109.16,91109.16,91109.16,9e-05
813,2025-12-08 05:17:48,91109.15,91109.16,91109.15,91109.15,0.00712
814,2025-12-08 05:17:49,91109.15,91109.15,91109.15,91109.15,0.02409
815,2025-12-08 05:17:50,91109.15,91109.16,91109.15,91109.15,0.00125
816,2025-12-08 05:17:51,91109.16,91109.16,91109.15,91109.15,0.0012900000000000001
817,2025-12-08 05:17:52,91109.16,91109.16,91109.15,91109.15,0.05601
818,2025-12-08 05:17:53,91109.15,91109.15,91109.15,91109.15,0.0008
819,2025-12-08 05:17:54,91109.16,91109.16,91109.16,91109.16,0.00038
820,2025-12-08 05:17:55,91109.16,91109.16,91109.15,91109.15,0.00049
821,2025-12-08 05:17:57,91109.15,91109.15,91109.15,91109.15,0.0006000000000000001
822,2025-12-08 05:17:58,91109.15,91109.15,91109.15,91109.15,0.0004
823,2025-12-08 05:17:59,91109.16,91109.16,91109.16,91109.16,0.00026000000000000003
824,2025-12-08 05:18:00,91109.15,91109.15,91109.15,91109.15,0.00552
825,2025-12-08 05:18:01,91109.15,91109.15,91109.15,91109.15,0.00094
826,2025-12-08 05:18:02,91109.15,91109.16,91109.15,91109.16,0.00584
827,2025-12-08 05:18:03,91109.16,91109.16,91109.16,91109.16,0.00295
828,2025-12-08 05:18:04,91109.15,91109.16,91109.15,91109.16,0.00148
829,2025-12-08 05:18:05,91109.16,91109.16,91109.15,91109.15,0.01209
830,2025-12-08 05:18:06,91109.16,91109.16,91109.15,91109.15,0.0008500000000000001
831,2025-12-08 05:18:07,91109.15,91109.16,91109.15,91109.16,0.00123
832,2025-12-08 05:18:08,91109.16,91109.16,91109.16,91109.16,0.00108
833,2025-12-08 05:18:09,91109.16,91109.16,91109.15,91109.15,0.00063
834,2025-12-08 05:18:10,91109.16,91109.16,91109.16,91109.16,0.00399
835,2025-12-08 05:18:11,91109.15,91109.16,91109.15,91109.16,0.00326
836,2025-12-08 05:18:12,91109.16,91118.26,91109.16,91112.12,0.08993
837,2025-12-08 05:18:13,91118.26,91118.26,91118.26,91118.26,0.00162
838,2025-12-08 05:18:14,91118.26,91118.26,91118.26,91118.26,0.00108
839,2025-12-08 05:18:15,91118.26,91118.27,91118.26,91118.27,0.00736
840,2025-12-08 05:18:17,91118.26,91118.26,91118.26,91118.26,0.00049
841,2025-12-08 05:18:19,91118.27,91118.27,91118.27,91118.27,0.01798
842,2025-12-08 05:18:20,91118.27,91118.27,91118.26,91118.27,0.07414000000000001
843,2025-12-08 05:18:21,91118.27,91118.27,91118.26,91118.26,0.01605
844,2025-12-08 05:18:22,91118.26,91118.27,91118.26,91118.27,0.00385
845,2025-12-08 05:18:23,91118.27,91118.27,91118.27,91118.27,0.00223
846,2025-12-08 05:18:24,91118.27,91118.28,91118.27,91118.28,0.00514
847,2025-12-08 05:18:25,91118.27,91118.27,91118.27,91118.27,0.00199
848,2025-12-08 05:18:26,91118.28,91131.98,91118.28,91128.36,0.12101
849,2025-12-08 05:18:27,91131.98,91131.99,91131.98,91131.98,0.00108
850,2025-12-08 05:18:28,91131.99,91154.43,91131.99,91151.65,4.8454999999999995
851,2025-12-08 05:18:29,91151.64,91151.64,91151.64,91151.64,9e-05
852,2025-12-08 05:18:30,91151.64,91151.65,91151.64,91151.64,0.07128000000000001
853,2025-12-08 05:18:31,91151.65,91151.65,91146.47,91146.48,1.54979
854,2025-12-08 05:18:32,91146.47,91146.48,91146.47,91146.48,0.03817
855,2025-12-08 05:18:33,91146.47,91146.48,91146.47,91146.47,0.01517
856,2025-12-08 05:18:34,91146.48,91146.48,91146.48,91146.48,0.06231
857,2025-12-08 05:18:35,91146.48,91146.48,91146.47,91146.48,0.05991
858,2025-12-08 05:18:36,91146.48,91146.48,91146.48,91146.48,0.0019
859,2025-12-08 05:18:37,91146.47,91146.47,91146.47,91146.47,9e-05
860,2025-12-08 05:18:38,91146.47,91146.47,91146.47,91146.47,0.0004
861,2025-12-08 05:18:39,91146.47,91146.48,91146.47,91146.48,0.0012900000000000001
862,2025-12-08 05:18:40,91146.47,91146.47,91146.47,91146.47,0.00625
863,2025-12-08 05:18:41,91146.47,91146.48,91146.47,91146.47,0.00157
864,2025-12-08 05:18:42,91146.47,91146.48,91146.47,91146.47,0.00167
865,2025-12-08 05:18:43,91146.47,91146.48,91146.47,91146.47,0.00104
866,2025-12-08 05:18:44,91146.48,91146.48,91146.48,91146.48,0.00015000000000000001
867,2025-12-08 05:18:45,91146.47,91146.47,91146.47,91146.47,0.0004
868,2025-12-08 05:18:46,91146.47,91146.48,91146.47,91146.48,0.048530000000000004
869,2025-12-08 05:18:47,91146.48,91146.48,91146.47,91146.47,0.00409
870,2025-12-08 05:18:48,91146.47,91146.48,91146.47,91146.47,0.00985
871,2025-12-08 05:18:49,91146.47,91146.48,91146.47,91146.48,0.00165
872,2025-12-08 05:18:50,91146.47,91146.48,91146.47,91146.47,0.02258
873,2025-12-08 05:18:51,91146.48,91146.48,91146.48,91146.48,0.01629
874,2025-12-08 05:18:52,91146.48,91146.48,91146.47,91146.47,0.28587999999999997
875,2025-12-08 05:18:53,91146.48,91146.48,91146.47,91146.48,0.22845
876,2025-12-08 05:18:54,91146.48,91146.48,91146.47,91146.48,0.01709
877,2025-12-08 05:18:55,91146.48,91159.16,91146.47,91159.16,0.23968
878,2025-12-08 05:18:56,91159.16,91169.61,91159.16,91169.61,0.14424
879,2025-12-08 05:18:57,91169.61,91169.61,91169.6,91169.61,0.00505
880,2025-12-08 05:18:58,91169.6,91169.6,91169.6,91169.6,0.00049
881,2025-12-08 05:18:59,91169.61,91169.61,91169.6,91169.6,0.00321
882,2025-12-08 05:19:00,91169.61,91169.61,91169.6,91169.6,0.00267
883,2025-12-08 05:19:01,91169.61,91182.43,91169.61,91178.21,0.12219000000000001
884,2025-12-08 05:19:02,91182.43,91182.44,91182.43,91182.44,0.00118
885,2025-12-08 05:19:03,91182.44,91182.44,91182.43,91182.44,0.0041400000000000005
886,2025-12-08 05:19:04,91182.43,91182.44,91182.43,91182.44,0.00152
887,2025-12-08 05:19:05,91182.44,91182.44,91182.43,91182.43,0.048229999999999995
888,2025-12-08 05:19:06,91182.43,91182.44,91182.43,91182.44,0.0063
889,2025-12-08 05:19:07,91182.44,91182.44,91182.44,91182.44,0.060430000000000005
890,2025-12-08 05:19:08,91182.43,91182.43,91182.43,91182.43,9e-05
891,2025-12-08 05:19:09,91182.43,91182.43,91182.43,91182.43,0.00968
892,2025-12-08 05:19:11,91182.44,91182.44,91182.43,91182.43,0.00441
893,2025-12-08 05:19:12,91182.44,91182.44,91182.44,91182.44,0.13869
894,2025-12-08 05:19:13,91182.44,91187.1,91182.44,91187.1,0.06415
895,2025-12-08 05:19:14,91187.1,91191.21,91187.09,91191.21,0.08410000000000001
896,2025-12-08 05:19:15,91191.21,91191.21,91191.2,91191.2,0.00018
897,2025-12-08 05:19:16,91191.21,91191.21,91191.2,91191.2,0.01299
898,2025-12-08 05:19:17,91191.21,91191.21,91191.2,91191.21,0.01447
899,2025-12-08 05:19:18,91191.21,91191.21,91191.21,91191.21,0.01339
900,2025-12-08 05:19:19,91191.2,91191.21,91191.2,91191.2,0.020470000000000002
901,2025-12-08 05:19:20,91191.21,91191.21,91191.21,91191.21,0.01631
902,2025-12-08 05:19:21,91191.2,91191.2,91191.2,91191.2,0.00021999999999999998
903,2025-12-08 05:19:22,91191.2,91191.2,91191.2,91191.2,0.00229
904,2025-12-08 05:19:23,91191.21,91191.21,91191.2,91191.21,0.05654
905,2025-12-08 05:19:24,91191.2,91191.2,91191.2,91191.2,0.0004
906,2025-12-08 05:19:25,91191.2,91191.2,91171.7,91177.88,3.14111
907,2025-12-08 05:19:26,91177.92,91196.22,91177.92,91196.22,0.15818
908,2025-12-08 05:19:27,91196.23,91208.08,91196.23,91208.08,0.10387
909,2025-12-08 05:19:28,91208.08,91208.08,91208.08,91208.08,0.0024300000000000003
910,2025-12-08 05:19:29,91208.08,91208.08,91208.07,91208.07,0.02021
911,2025-12-08 05:19:30,91208.07,91208.07,91208.07,91208.07,0.00054
912,2025-12-08 05:19:31,91208.08,91208.09,91208.08,91208.08,0.024610000000000003
913,2025-12-08 05:19:32,91208.08,91208.09,91208.08,91208.09,0.00151
914,2025-12-08 05:19:33,91208.09,91208.09,91208.08,91208.08,0.00144
915,2025-12-08 05:19:34,91208.08,91208.08,91208.08,91208.08,0.0004
916,2025-12-08 05:19:35,91208.09,91208.09,91208.09,91208.09,0.031200000000000002
917,2025-12-08 05:19:36,91208.09,91208.09,91208.08,91208.09,0.020819999999999998
918,2025-12-08 05:19:37,91208.09,91219.93,91208.09,91219.93,0.21631
919,2025-12-08 05:19:38,91219.92,91219.93,91219.92,91219.93,0.15169
920,2025-12-08 05:19:39,91219.92,91219.93,91219.92,91219.93,0.00106
921,2025-12-08 05:19:40,91219.93,91244.68,91219.92,91244.68,0.5956
922,2025-12-08 05:19:41,91244.68,91250.18,91244.67,91250.18,0.43906
923,2025-12-08 05:19:42,91250.17,91250.67,91250.17,91250.66,0.62617
924,2025-12-08 05:19:43,91250.67,91250.67,91250.66,91250.67,0.0193
925,2025-12-08 05:19:44,91250.67,91250.67,91250.67,91250.67,0.00033
926,2025-12-08 05:19:45,91250.67,91251.58,91250.67,91251.58,1.69281
927,2025-12-08 05:19:46,91251.58,91254.79,91251.58,91254.78,0.27376
928,2025-12-08 05:19:47,91254.79,91254.79,91254.78,91254.78,0.00425
929,2025-12-08 05:19:48,91254.79,91268.94,91254.79,91262.0,0.19175999999999999
930,2025-12-08 05:19:49,91268.95,91268.95,91268.94,91268.94,0.05231
931,2025-12-08 05:19:50,91268.95,91268.95,91268.95,91268.95,0.00115
932,2025-12-08 05:19:51,91268.94,91268.95,91268.94,91268.95,0.06578
933,2025-12-08 05:19:52,91268.95,91268.95,91268.95,91268.95,0.00112
934,2025-12-08 05:19:53,91268.95,91268.95,91268.95,91268.95,0.00518
935,2025-12-08 05:19:54,91268.94,91275.93,91268.94,91275.11,0.22196
936,2025-12-08 05:19:55,91275.94,91275.94,91275.94,91275.94,0.015
937,2025-12-08 05:19:56,91275.93,91293.87,91275.93,91293.86,4.6566
938,2025-12-08 05:19:58,91293.86,91300.0,91293.86,91299.99,0.05613
939,2025-12-08 05:19:59,91300.0,91320.0,91299.99,91320.0,0.55593
940,2025-12-08 05:20:00,91319.99,91320.0,91319.99,91320.0,0.013410000000000002
941,2025-12-08 05:20:01,91319.99,91320.0,91319.99,91320.0,0.00097
942,2025-12-08 05:20:02,91319.99,91319.99,91319.99,91319.99,0.03513
943,2025-12-08 05:20:03,91320.0,91324.33,91320.0,91324.33,2.48998
944,2025-12-08 05:20:04,91324.32,91324.33,91324.32,91324.33,0.013309999999999999
945,2025-12-08 05:20:05,91324.32,91324.33,91324.32,91324.33,0.00141
946,2025-12-08 05:20:06,91324.33,91324.33,91324.33,91324.33,0.00023999999999999998
947,2025-12-08 05:20:07,91324.32,91324.32,91324.32,91324.32,0.01239
948,2025-12-08 05:20:08,91324.33,91324.33,91324.33,91324.33,0.00154
949,2025-12-08 05:20:09,91324.33,91340.0,91324.33,91339.99,2.96461
950,2025-12-08 05:20:10,91340.0,91340.0,91339.99,91339.99,0.01764
951,2025-12-08 05:20:11,91339.99,91339.99,91339.99,91339.99,0.00025
952,2025-12-08 05:20:12,91340.0,91340.0,91340.0,91340.0,0.00017
953,2025-12-08 05:20:13,91339.99,91343.23,91339.99,91343.22,0.16439
954,2025-12-08 05:20:14,91343.22,91356.0,91343.22,91355.99,0.10538
955,2025-12-08 05:20:15,91356.0,91356.0,91355.99,91355.99,0.01269
956,2025-12-08 05:20:16,91356.0,91356.0,91356.0,91356.0,0.0063
957,2025-12-08 05:20:17,91356.0,91356.0,91356.0,91356.0,0.00082
958,2025-12-08 05:20:18,91356.0,91357.13,91356.0,91357.13,0.047479999999999994
959,2025-12-08 05:20:19,91357.14,91359.33,91357.14,91357.16,0.01494
960,2025-12-08 05:20:20,91359.33,91362.91,91359.33,91362.91,0.31461
961,2025-12-08 05:20:21,91362.92,91362.92,91362.91,91362.92,0.02729
962,2025-12-08 05:20:22,91362.92,91365.23,91362.92,91365.23,0.25333
963,2025-12-08 05:20:23,91365.23,91365.24,91365.22,91365.24,0.00831
964,2025-12-08 05:20:24,91365.24,91365.24,91365.24,91365.24,0.00102
965,2025-12-08 05:20:25,91365.23,91365.24,91365.23,91365.24,0.00342
966,2025-12-08 05:20:26,91365.23,91365.24,91365.23,91365.24,0.01745
967,2025-12-08 05:20:27,91365.24,91365.24,91365.24,91365.24,8e-05
968,2025-12-08 05:20:28,91365.23,91365.24,91365.23,91365.24,0.00587
969,2025-12-08 05:20:29,91365.24,91365.24,91365.24,91365.24,0.00021
970,2025-12-08 05:20:30,91365.24,91365.24,91365.23,91365.23,0.00615
971,2025-12-08 05:20:31,91365.23,91365.24,91365.23,91365.24,0.02152
972,2025-12-08 05:20:32,91365.23,91365.23,91365.23,91365.23,0.00061
973,2025-12-08 05:20:33,91365.23,91365.23,91353.38,91353.59,0.9906999999999999
974,2025-12-08 05:20:34,91353.38,91353.39,91353.38,91353.39,0.10275000000000001
975,2025-12-08 05:20:35,91353.39,91353.39,91353.38,91353.38,0.010700000000000001
976,2025-12-08 05:20:36,91353.39,91353.39,91353.39,91353.39,0.00504
977,2025-12-08 05:20:37,91353.39,91353.39,91353.39,91353.39,0.00045
978,2025-12-08 05:20:38,91353.38,91353.39,91353.38,91353.39,0.00582
979,2025-12-08 05:20:39,91353.38,91353.38,91353.38,91353.38,0.00795
980,2025-12-08 05:20:40,91353.38,91353.38,91353.38,91353.38,0.0012100000000000001
981,2025-12-08 05:20:41,91353.39,91353.39,91353.39,91353.39,0.0001
982,2025-12-08 05:20:42,91353.39,91353.39,91353.39,91353.39,0.00014000000000000001
983,2025-12-08 05:20:43,91353.38,91353.39,91353.38,91353.38,0.0059299999999999995
984,2025-12-08 05:20:44,91353.38,91353.38,91353.38,91353.38,0.13987
985,2025-12-08 05:20:45,91353.38,91353.38,91353.38,91353.38,0.00141
986,2025-12-08 05:20:46,91353.38,91353.39,91353.38,91353.38,0.00651
987,2025-12-08 05:20:47,91353.38,91353.39,91353.38,91353.38,0.03748
988,2025-12-08 05:20:48,91353.38,91353.38,91353.38,91353.38,0.0004
989,2025-12-08 05:20:49,91353.38,91353.38,91331.51,91331.51,0.75939
990,2025-12-08 05:20:50,91331.51,91331.51,91331.51,91331.51,0.00103
991,2025-12-08 05:20:51,91331.5,91331.5,91331.5,91331.5,0.00525
992,2025-12-08 05:20:52,91331.51,91331.51,91331.5,91331.5,0.024029999999999996
993,2025-12-08 05:20:53,91331.5,91331.5,91331.5,91331.5,0.0004
994,2025-12-08 05:20:54,91331.51,91331.51,91331.51,91331.51,0.0019
995,2025-12-08 05:20:55,91331.5,91331.51,91331.5,91331.51,0.0026999999999999997
996,2025-12-08 05:20:56,91331.5,91331.51,91331.5,91331.5,0.0029100000000000003
997,2025-12-08 05:20:57,91331.5,91331.5,91324.46,91324.84,0.20203
998,2025-12-08 05:20:59,91324.46,91324.47,91324.46,91324.46,0.00076
999,2025-12-08 05:21:00,91324.46,91324.46,91304.22,91304.22,0.15197
1000,2025-12-08 05:21:01,91304.23,91305.03,91304.23,91305.03,0.09917
1001,2025-12-08 05:21:02,91305.03,91305.03,91305.03,91305.03,0.00116
1002,2025-12-08 05:21:03,91305.04,91305.04,91305.04,91305.04,0.00328
1003,2025-12-08 05:21:04,91305.03,91305.03,91305.03,91305.03,0.00197
1004,2025-12-08 05:21:05,91305.04,91305.04,91305.04,91305.04,0.00023
1005,2025-12-08 05:21:07,91305.03,91305.03,91304.23,91305.01,0.54646
1006,2025-12-08 05:21:08,91304.21,91304.22,91295.59,91295.6,0.03059
1007,2025-12-08 05:21:09,91295.6,91295.6,91295.6,91295.6,0.00034
1008,2025-12-08 05:21:10,91295.59,91305.02,91295.59,91304.22,0.14228000000000002
1009,2025-12-08 05:21:11,91305.02,91305.02,91305.02,91305.02,0.00033
1010,2025-12-08 05:21:12,91305.02,91305.02,91305.02,91305.02,0.0008
1011,2025-12-08 05:21:13,91305.03,91305.03,91282.99,91282.99,1.0510300000000001
1012,2025-12-08 05:21:14,91283.0,91289.23,91283.0,91289.23,0.07226
1013,2025-12-08 05:21:15,91289.22,91289.22,91289.22,91289.22,0.0002
1014,2025-12-08 05:21:16,91289.22,91289.22,91289.22,91289.22,0.00017
1015,2025-12-08 05:21:17,91289.23,91289.23,91289.23,91289.23,0.00016999999999999999
1016,2025-12-08 05:21:18,91289.22,91289.22,91289.22,91289.22,0.00337
1017,2025-12-08 05:21:19,91289.22,91289.22,91289.22,91289.22,0.00079
1018,2025-12-08 05:21:20,91289.22,91289.23,91289.22,91289.22,0.04103
1019,2025-12-08 05:21:21,91289.22,91289.22,91283.96,91289.21,0.09552000000000001
1020,2025-12-08 05:21:22,91283.96,91283.96,91283.96,91283.96,0.03127
1021,2025-12-08 05:21:23,91283.95,91283.95,91283.95,91283.95,0.0004
1022,2025-12-08 05:21:25,91283.96,91283.96,91283.95,91283.95,0.0010400000000000001
1023,2025-12-08 05:21:26,91283.95,91283.95,91283.95,91283.95,0.00082
1024,2025-12-08 05:21:27,91283.96,91283.96,91283.96,91283.96,0.0010400000000000001
1025,2025-12-08 05:21:28,91283.95,91283.96,91283.95,91283.96,0.01334
1026,2025-12-08 05:21:30,91283.95,91283.95,91283.95,91283.95,0.03358
1027,2025-12-08 05:21:31,91283.95,91283.95,91283.95,91283.95,0.00023
1028,2025-12-08 05:21:32,91283.95,91283.95,91283.95,91283.95,0.00043
1029,2025-12-08 05:21:33,91283.96,91283.96,91283.96,91283.96,0.00011
1030,2025-12-08 05:21:34,91283.95,91283.95,91283.95,91283.95,0.00571
1031,2025-12-08 05:21:35,91283.96,91295.83,91283.96,91295.82,1.9195499999999999
1032,2025-12-08 05:21:36,91295.82,91295.82,91295.82,91295.82,0.0007700000000000001
1033,2025-12-08 05:21:37,91295.82,91295.82,91295.82,91295.82,0.00053
1034,2025-12-08 05:21:38,91295.82,91295.82,91295.82,91295.82,0.00086
1035,2025-12-08 05:21:39,91295.83,91295.83,91295.82,91295.82,0.0046300000000000004
1036,2025-12-08 05:21:41,91295.83,91295.83,91295.83,91295.83,0.01
1037,2025-12-08 05:21:42,91295.83,91295.83,91295.82,91295.82,0.00046
1038,2025-12-08 05:21:43,91295.82,91295.83,91295.82,91295.82,0.00067
1039,2025-12-08 05:21:44,91295.82,91295.82,91293.13,91293.13,0.09758
1040,2025-12-08 05:21:45,91292.63,91292.63,91292.63,91292.63,0.03445
1041,2025-12-08 05:21:47,91292.64,91292.64,91292.63,91292.64,0.01123
1042,2025-12-08 05:21:50,91292.63,91292.63,91292.63,91292.63,0.00253
1043,2025-12-08 05:21:52,91292.64,91292.64,91292.63,91292.63,0.008
